-- phpMyAdmin SQL Dump
-- version 5.2.1
-- https://www.phpmyadmin.net/
--
-- Host: 127.0.0.1
-- Generation Time: Jun 23, 2025 at 04:02 PM
-- Server version: 10.4.32-MariaDB
-- PHP Version: 8.2.12

SET SQL_MODE = "NO_AUTO_VALUE_ON_ZERO";
START TRANSACTION;
SET time_zone = "+00:00";


/*!40101 SET @OLD_CHARACTER_SET_CLIENT=@@CHARACTER_SET_CLIENT */;
/*!40101 SET @OLD_CHARACTER_SET_RESULTS=@@CHARACTER_SET_RESULTS */;
/*!40101 SET @OLD_COLLATION_CONNECTION=@@COLLATION_CONNECTION */;
/*!40101 SET NAMES utf8mb4 */;

--
-- Database: `db_toko_sepatu`
--

-- --------------------------------------------------------

--
-- Table structure for table `banner`
--

CREATE TABLE `banner` (
  `id` int(11) NOT NULL,
  `judul` varchar(255) NOT NULL,
  `subjudul` text DEFAULT NULL,
  `link_button` varchar(255) DEFAULT NULL,
  `teks_button` varchar(50) DEFAULT 'Belanja Sekarang',
  `nama_gambar` varchar(255) NOT NULL,
  `status` enum('aktif','tidak aktif') NOT NULL DEFAULT 'aktif'
) ENGINE=InnoDB DEFAULT CHARSET=utf8mb4 COLLATE=utf8mb4_general_ci;

--
-- Dumping data for table `banner`
--

INSERT INTO `banner` (`id`, `judul`, `subjudul`, `link_button`, `teks_button`, `nama_gambar`, `status`) VALUES
(1, 'Sunt voluptas non ad', 'Voluptas asperiores ', 'Asperiores atque mol', 'Exercitation velit a', '6857f266994b0-images.jpg', 'aktif');

-- --------------------------------------------------------

--
-- Table structure for table `customers`
--

CREATE TABLE `customers` (
  `id` int(11) NOT NULL,
  `nama` varchar(100) NOT NULL,
  `email` varchar(100) NOT NULL,
  `telepon` varchar(20) DEFAULT NULL,
  `alamat` text DEFAULT NULL
) ENGINE=InnoDB DEFAULT CHARSET=utf8mb4 COLLATE=utf8mb4_general_ci;

--
-- Dumping data for table `customers`
--

INSERT INTO `customers` (`id`, `nama`, `email`, `telepon`, `alamat`) VALUES
(1, 'Aut aut et atque ill', 'pytuzinoke@mailinator.com', '+1 (488) 173-4502', 'Ut odio labore sed e'),
(2, 'Qui dicta consequatu', 'sadudyxe@mailinator.com', '+1 (427) 368-8103', 'In iure aute dolore');

-- --------------------------------------------------------

--
-- Table structure for table `detail_pesanan`
--

CREATE TABLE `detail_pesanan` (
  `id` int(11) NOT NULL,
  `pesanan_id` int(11) DEFAULT NULL,
  `produk_id` int(11) DEFAULT NULL,
  `jumlah` int(11) NOT NULL,
  `harga_saat_pesan` int(11) NOT NULL
) ENGINE=InnoDB DEFAULT CHARSET=utf8mb4 COLLATE=utf8mb4_general_ci;

--
-- Dumping data for table `detail_pesanan`
--

INSERT INTO `detail_pesanan` (`id`, `pesanan_id`, `produk_id`, `jumlah`, `harga_saat_pesan`) VALUES
(1, 1, 9, 1, 2000000),
(2, 1, 25, 1, 1000000),
(3, 1, 14, 1, 2000000),
(4, 2, 11, 1, 1800000),
(5, 2, 3, 2, 1500000),
(6, 2, 17, 2, 2100000),
(7, 3, 22, 1, 750000),
(8, 4, 23, 2, 2500000),
(9, 5, 18, 1, 3800000),
(10, 5, 22, 1, 750000),
(11, 5, 13, 2, 13000000),
(12, 6, 19, 1, 800000),
(13, 6, 2, 1, 2500000),
(14, 7, 13, 2, 13000000),
(15, 7, 11, 2, 1800000),
(16, 8, 21, 2, 1000000),
(17, 9, 26, 1, 1800000),
(18, 9, 11, 1, 1800000),
(19, 10, 10, 1, 12000000),
(20, 10, 17, 2, 2100000),
(21, 11, 15, 1, 2300000),
(22, 12, 13, 1, 13000000),
(23, 12, 24, 1, 1700000),
(24, 13, 12, 1, 7000000),
(25, 13, 16, 1, 2500000),
(26, 13, 18, 2, 3800000),
(27, 14, 23, 2, 2500000),
(28, 14, 22, 2, 750000),
(29, 14, 2, 1, 2500000),
(30, 15, 11, 2, 1800000),
(31, 15, 9, 1, 2000000),
(32, 16, 1, 1, 2800000),
(33, 16, 8, 1, 1900000),
(34, 16, 19, 1, 800000),
(35, 17, 19, 2, 800000),
(36, 17, 21, 1, 1000000),
(37, 18, 19, 2, 800000),
(38, 18, 19, 1, 800000),
(39, 18, 26, 2, 1800000),
(40, 19, 17, 1, 2100000),
(41, 19, 8, 2, 1900000),
(42, 20, 7, 1, 4500000),
(43, 21, 12, 1, 7000000),
(44, 22, 18, 2, 3800000),
(45, 22, 17, 1, 2100000),
(46, 23, 3, 2, 1500000),
(47, 23, 17, 2, 2100000),
(48, 23, 1, 1, 2800000),
(49, 24, 10, 1, 12000000),
(50, 24, 15, 1, 2300000),
(51, 25, 18, 2, 3800000),
(52, 26, 17, 2, 2100000),
(53, 26, 11, 1, 1800000),
(54, 27, 18, 2, 3800000),
(55, 27, 16, 1, 2500000),
(56, 27, 2, 1, 2500000),
(57, 28, 27, 1, 1600000),
(58, 28, 12, 1, 7000000),
(59, 29, 8, 1, 1900000),
(60, 30, 10, 2, 12000000),
(61, 31, 17, 1, 2100000),
(62, 31, 10, 2, 12000000),
(63, 32, 1, 1, 2800000),
(64, 32, 18, 1, 3800000),
(65, 33, 20, 1, 700000),
(66, 34, 10, 2, 12000000),
(67, 34, 2, 2, 2500000),
(68, 34, 21, 2, 1000000),
(69, 35, 1, 2, 2800000),
(70, 35, 8, 1, 1900000),
(71, 36, 15, 2, 2300000),
(72, 36, 21, 2, 1000000),
(73, 37, 26, 1, 1800000),
(74, 38, 7, 1, 4500000),
(75, 38, 16, 2, 2500000),
(76, 38, 11, 1, 1800000),
(77, 39, 24, 1, 1700000),
(78, 40, 19, 1, 800000),
(79, 41, 23, 2, 2500000),
(80, 41, 24, 2, 1700000),
(81, 41, 6, 1, 2500000),
(82, 42, 2, 1, 2500000),
(83, 42, 15, 2, 2300000),
(84, 42, 12, 2, 7000000),
(85, 43, 24, 2, 1700000),
(86, 43, 3, 1, 1500000),
(87, 44, 13, 2, 13000000),
(88, 44, 3, 1, 1500000),
(89, 44, 16, 1, 2500000),
(90, 45, 15, 1, 2300000),
(91, 45, 27, 2, 1600000),
(92, 46, 25, 2, 1000000),
(93, 46, 18, 2, 3800000),
(94, 47, 20, 1, 700000),
(95, 48, 24, 1, 1700000),
(96, 49, 27, 2, 1600000),
(97, 49, 27, 1, 1600000),
(98, 49, 12, 2, 7000000),
(99, 50, 7, 2, 4500000),
(100, 50, 17, 1, 2100000),
(101, 50, 15, 1, 2300000),
(102, 51, 22, 2, 750000),
(103, 52, 7, 1, 4500000),
(104, 53, 20, 2, 700000),
(105, 53, 17, 1, 2100000),
(106, 53, 2, 2, 2500000),
(107, 54, 21, 2, 1000000),
(108, 54, 10, 1, 12000000),
(109, 54, 17, 1, 2100000),
(110, 55, 3, 2, 1500000),
(111, 55, 26, 1, 1800000),
(112, 56, 23, 1, 2500000),
(113, 56, 2, 1, 2500000),
(114, 57, 17, 2, 2100000),
(115, 57, 3, 2, 1500000),
(116, 57, 21, 2, 1000000),
(117, 58, 12, 1, 7000000),
(118, 59, 21, 2, 1000000),
(119, 60, 18, 2, 3800000),
(120, 61, 8, 2, 1900000),
(121, 62, 15, 1, 2300000),
(122, 62, 3, 2, 1500000),
(123, 63, 11, 1, 1800000),
(124, 63, 7, 2, 4500000),
(125, 64, 18, 2, 3800000),
(126, 65, 27, 1, 1600000),
(127, 66, 20, 2, 700000),
(128, 66, 14, 1, 2000000),
(129, 67, 16, 1, 2500000),
(130, 68, 26, 1, 1800000),
(131, 68, 25, 1, 1000000),
(132, 68, 7, 2, 4500000),
(133, 69, 21, 2, 1000000),
(134, 69, 25, 2, 1000000),
(135, 69, 6, 1, 2500000),
(136, 70, 23, 1, 2500000),
(137, 70, 22, 1, 750000),
(138, 71, 26, 2, 1800000),
(139, 72, 2, 2, 2500000),
(140, 72, 18, 2, 3800000),
(141, 72, 18, 2, 3800000),
(142, 73, 19, 1, 800000),
(143, 73, 1, 1, 2800000),
(144, 73, 21, 1, 1000000),
(145, 74, 3, 2, 1500000),
(146, 74, 14, 1, 2000000),
(147, 75, 8, 1, 1900000),
(148, 75, 9, 2, 2000000),
(149, 75, 19, 1, 800000),
(150, 76, 8, 1, 1900000),
(151, 76, 12, 1, 7000000),
(152, 76, 21, 2, 1000000),
(153, 77, 14, 2, 2000000),
(154, 77, 21, 1, 1000000),
(155, 77, 16, 2, 2500000),
(156, 78, 6, 1, 2500000),
(157, 78, 8, 2, 1900000),
(158, 78, 18, 1, 3800000),
(159, 79, 24, 2, 1700000),
(160, 79, 11, 2, 1800000),
(161, 80, 14, 2, 2000000),
(162, 80, 10, 1, 12000000),
(163, 81, 9, 2, 2000000),
(164, 81, 11, 1, 1800000),
(165, 81, 16, 1, 2500000),
(166, 82, 13, 1, 13000000),
(167, 82, 26, 1, 1800000),
(168, 83, 19, 2, 800000),
(169, 83, 16, 1, 2500000),
(170, 83, 19, 2, 800000),
(171, 84, 10, 2, 12000000),
(172, 84, 12, 2, 7000000),
(173, 85, 15, 2, 2300000),
(174, 85, 15, 2, 2300000),
(175, 86, 20, 1, 700000),
(176, 87, 8, 2, 1900000),
(177, 87, 17, 2, 2100000),
(178, 87, 9, 2, 2000000),
(179, 88, 16, 2, 2500000),
(180, 89, 17, 2, 2100000),
(181, 89, 22, 1, 750000),
(182, 90, 21, 1, 1000000),
(183, 90, 15, 1, 2300000),
(184, 90, 24, 2, 1700000),
(185, 91, 3, 2, 1500000),
(186, 92, 24, 1, 1700000),
(187, 92, 8, 1, 1900000),
(188, 92, 17, 1, 2100000),
(189, 93, 12, 2, 7000000),
(190, 94, 13, 1, 13000000),
(191, 94, 18, 2, 3800000),
(192, 94, 9, 1, 2000000),
(193, 95, 27, 1, 1600000),
(194, 95, 7, 2, 4500000),
(195, 96, 17, 1, 2100000),
(196, 97, 27, 2, 1600000),
(197, 97, 9, 2, 2000000),
(198, 98, 1, 2, 2800000),
(199, 98, 11, 2, 1800000),
(200, 99, 16, 2, 2500000),
(201, 100, 23, 2, 2500000),
(202, 100, 11, 2, 1800000),
(203, 100, 27, 1, 1600000),
(204, 101, 14, 2, 2000000),
(205, 102, 25, 2, 1000000),
(206, 103, 12, 1, 7000000),
(207, 103, 12, 2, 7000000),
(208, 103, 24, 2, 1700000),
(209, 104, 25, 2, 1000000),
(210, 104, 24, 2, 1700000),
(211, 105, 18, 1, 3800000),
(212, 106, 17, 2, 2100000),
(213, 107, 8, 1, 1900000),
(214, 107, 11, 1, 1800000),
(215, 107, 6, 2, 2500000),
(216, 108, 20, 2, 700000),
(217, 108, 19, 1, 800000),
(218, 109, 8, 1, 1900000),
(219, 110, 14, 2, 2000000),
(220, 110, 26, 2, 1800000),
(221, 110, 6, 2, 2500000),
(222, 111, 6, 1, 2500000),
(223, 111, 10, 2, 12000000),
(224, 112, 21, 2, 1000000),
(225, 112, 6, 2, 2500000),
(226, 112, 6, 2, 2500000),
(227, 113, 2, 2, 2500000),
(228, 113, 21, 1, 1000000),
(229, 114, 6, 1, 2500000),
(230, 115, 21, 2, 1000000),
(231, 116, 20, 2, 700000),
(232, 116, 19, 2, 800000),
(233, 116, 22, 1, 750000),
(234, 117, 8, 2, 1900000),
(235, 117, 25, 1, 1000000),
(236, 117, 9, 2, 2000000),
(237, 118, 10, 1, 12000000),
(238, 118, 24, 2, 1700000),
(239, 118, 23, 1, 2500000),
(240, 119, 13, 1, 13000000),
(241, 119, 17, 2, 2100000),
(242, 120, 19, 2, 800000),
(243, 121, 18, 1, 3800000),
(244, 121, 26, 1, 1800000),
(245, 122, 27, 2, 1600000),
(246, 122, 20, 1, 700000),
(247, 123, 27, 2, 1600000),
(248, 123, 15, 2, 2300000),
(249, 123, 11, 2, 1800000),
(250, 124, 13, 2, 13000000),
(251, 125, 6, 1, 2500000),
(252, 126, 7, 2, 4500000),
(253, 126, 8, 1, 1900000),
(254, 126, 18, 1, 3800000),
(255, 127, 10, 2, 12000000),
(256, 127, 27, 1, 1600000),
(257, 127, 18, 2, 3800000),
(258, 128, 10, 1, 12000000),
(259, 129, 8, 1, 1900000),
(260, 130, 15, 1, 2300000),
(261, 131, 19, 2, 800000),
(262, 131, 26, 1, 1800000),
(263, 132, 8, 2, 1900000),
(264, 132, 13, 2, 13000000),
(265, 132, 10, 2, 12000000),
(266, 133, 3, 1, 1500000),
(267, 133, 27, 1, 1600000),
(268, 133, 2, 2, 2500000),
(269, 134, 21, 2, 1000000),
(270, 134, 18, 1, 3800000),
(271, 135, 16, 2, 2500000),
(272, 136, 17, 2, 2100000),
(273, 136, 17, 2, 2100000),
(274, 137, 13, 1, 13000000),
(275, 137, 15, 2, 2300000),
(276, 138, 20, 1, 700000),
(277, 138, 1, 2, 2800000),
(278, 139, 23, 2, 2500000),
(279, 139, 6, 1, 2500000),
(280, 139, 21, 1, 1000000),
(281, 140, 9, 1, 2000000),
(282, 140, 7, 1, 4500000),
(283, 140, 14, 1, 2000000),
(284, 141, 9, 1, 2000000),
(285, 141, 2, 2, 2500000),
(286, 142, 17, 2, 2100000),
(287, 142, 13, 1, 13000000),
(288, 143, 3, 1, 1500000),
(289, 143, 6, 1, 2500000),
(290, 144, 23, 1, 2500000),
(291, 145, 23, 1, 2500000),
(292, 146, 26, 1, 1800000),
(293, 147, 23, 1, 2500000),
(294, 147, 10, 1, 12000000),
(295, 148, 23, 1, 2500000),
(296, 149, 8, 1, 1900000),
(297, 149, 8, 2, 1900000),
(298, 150, 19, 1, 800000),
(299, 150, 15, 1, 2300000),
(300, 151, 19, 1, 800000),
(301, 151, 10, 2, 12000000),
(302, 151, 26, 1, 1800000),
(303, 152, 24, 1, 1700000),
(304, 152, 13, 2, 13000000),
(305, 152, 24, 2, 1700000),
(306, 153, 23, 1, 2500000),
(307, 154, 22, 2, 750000),
(308, 154, 12, 1, 7000000),
(309, 154, 13, 1, 13000000),
(310, 155, 12, 1, 7000000),
(311, 155, 10, 1, 12000000),
(312, 155, 23, 1, 2500000),
(313, 156, 27, 1, 1600000),
(314, 156, 24, 1, 1700000),
(315, 157, 22, 2, 750000),
(316, 158, 15, 2, 2300000),
(317, 158, 25, 1, 1000000),
(318, 159, 8, 2, 1900000),
(319, 159, 12, 1, 7000000),
(320, 159, 26, 2, 1800000),
(321, 160, 11, 2, 1800000),
(322, 161, 17, 1, 2100000),
(323, 161, 9, 2, 2000000),
(324, 161, 16, 1, 2500000),
(325, 162, 11, 2, 1800000),
(326, 162, 11, 2, 1800000),
(327, 162, 18, 2, 3800000),
(328, 163, 12, 1, 7000000),
(329, 164, 20, 2, 700000),
(330, 164, 11, 2, 1800000),
(331, 165, 17, 1, 2100000),
(332, 165, 14, 2, 2000000),
(333, 166, 1, 2, 2800000),
(334, 167, 13, 1, 13000000),
(335, 168, 26, 1, 1800000),
(336, 168, 9, 2, 2000000),
(337, 168, 25, 2, 1000000),
(338, 169, 3, 2, 1500000),
(339, 169, 19, 2, 800000),
(340, 169, 20, 1, 700000),
(341, 170, 2, 2, 2500000),
(342, 171, 10, 1, 12000000),
(343, 171, 23, 1, 2500000),
(344, 171, 12, 2, 7000000),
(345, 172, 11, 2, 1800000),
(346, 172, 24, 1, 1700000),
(347, 173, 22, 2, 750000),
(348, 174, 20, 2, 700000),
(349, 175, 23, 1, 2500000),
(350, 176, 3, 1, 1500000),
(351, 177, 22, 2, 750000),
(352, 177, 27, 1, 1600000),
(353, 178, 13, 2, 13000000),
(354, 178, 14, 2, 2000000),
(355, 179, 17, 2, 2100000),
(356, 180, 26, 1, 1800000),
(357, 180, 17, 1, 2100000),
(358, 180, 21, 1, 1000000),
(359, 181, 13, 2, 13000000),
(360, 181, 9, 2, 2000000),
(361, 181, 17, 1, 2100000),
(362, 182, 19, 1, 800000),
(363, 182, 3, 1, 1500000),
(364, 183, 10, 2, 12000000),
(365, 183, 24, 2, 1700000),
(366, 183, 14, 2, 2000000),
(367, 184, 25, 1, 1000000),
(368, 184, 16, 2, 2500000),
(369, 185, 10, 1, 12000000),
(370, 185, 25, 2, 1000000),
(371, 186, 9, 1, 2000000),
(372, 186, 13, 2, 13000000),
(373, 187, 22, 2, 750000),
(374, 187, 24, 1, 1700000),
(375, 187, 19, 2, 800000),
(376, 188, 22, 1, 750000),
(377, 188, 2, 1, 2500000),
(378, 189, 24, 2, 1700000),
(379, 190, 6, 1, 2500000),
(380, 190, 22, 2, 750000),
(381, 190, 25, 2, 1000000),
(382, 191, 20, 1, 700000),
(383, 192, 21, 2, 1000000),
(384, 192, 25, 2, 1000000),
(385, 192, 3, 1, 1500000),
(386, 193, 9, 1, 2000000),
(387, 193, 27, 1, 1600000),
(388, 194, 22, 2, 750000),
(389, 195, 2, 1, 2500000),
(390, 195, 14, 2, 2000000),
(391, 196, 9, 1, 2000000),
(392, 197, 22, 1, 750000),
(393, 198, 26, 1, 1800000),
(394, 199, 2, 2, 2500000),
(395, 199, 19, 1, 800000),
(396, 200, 24, 1, 1700000),
(397, 200, 27, 1, 1600000),
(398, 201, 11, 2, 1800000),
(399, 201, 3, 1, 1500000),
(400, 201, 19, 1, 800000),
(401, 202, 6, 2, 2500000),
(402, 202, 12, 2, 7000000),
(403, 202, 19, 1, 800000),
(404, 203, 1, 1, 2800000),
(405, 203, 26, 2, 1800000),
(406, 203, 15, 1, 2300000),
(407, 204, 26, 1, 1800000),
(408, 204, 12, 1, 7000000),
(409, 204, 2, 2, 2500000),
(410, 205, 16, 1, 2500000),
(411, 205, 3, 2, 1500000),
(412, 205, 15, 1, 2300000),
(413, 206, 24, 2, 1700000),
(414, 206, 10, 2, 12000000),
(415, 207, 13, 2, 13000000),
(416, 208, 10, 2, 12000000),
(417, 208, 27, 1, 1600000),
(418, 209, 15, 2, 2300000),
(419, 210, 6, 1, 2500000),
(420, 210, 22, 2, 750000),
(421, 210, 23, 2, 2500000),
(422, 211, 12, 1, 7000000),
(423, 211, 7, 2, 4500000),
(424, 211, 23, 2, 2500000),
(425, 212, 12, 1, 7000000),
(426, 213, 1, 2, 2800000),
(427, 213, 20, 1, 700000),
(428, 214, 20, 2, 700000),
(429, 214, 13, 1, 13000000),
(430, 214, 3, 1, 1500000),
(431, 215, 20, 2, 700000),
(432, 215, 7, 1, 4500000),
(433, 215, 7, 1, 4500000),
(434, 216, 6, 2, 2500000),
(435, 216, 18, 2, 3800000),
(436, 217, 1, 1, 2800000),
(437, 218, 19, 2, 800000),
(438, 218, 25, 2, 1000000),
(439, 219, 3, 2, 1500000),
(440, 219, 21, 1, 1000000),
(441, 219, 1, 2, 2800000),
(442, 220, 11, 1, 1800000),
(443, 220, 13, 2, 13000000),
(444, 221, 17, 1, 2100000),
(445, 222, 26, 2, 1800000),
(446, 223, 14, 1, 2000000),
(447, 223, 10, 2, 12000000),
(448, 224, 11, 2, 1800000),
(449, 225, 23, 1, 2500000),
(450, 225, 21, 1, 1000000),
(451, 225, 17, 1, 2100000),
(452, 226, 27, 1, 1600000),
(453, 226, 11, 1, 1800000),
(454, 226, 17, 2, 2100000),
(455, 227, 22, 1, 750000),
(456, 227, 1, 2, 2800000),
(457, 227, 17, 2, 2100000),
(458, 228, 10, 2, 12000000),
(459, 229, 10, 1, 12000000),
(460, 229, 14, 2, 2000000),
(461, 230, 23, 1, 2500000),
(462, 230, 21, 2, 1000000),
(463, 231, 25, 2, 1000000),
(464, 231, 2, 1, 2500000),
(465, 231, 19, 1, 800000),
(466, 232, 25, 1, 1000000),
(467, 233, 3, 1, 1500000),
(468, 234, 3, 1, 1500000),
(469, 234, 12, 1, 7000000),
(470, 235, 26, 2, 1800000),
(471, 235, 8, 1, 1900000),
(472, 236, 18, 1, 3800000),
(473, 236, 1, 2, 2800000),
(474, 236, 11, 2, 1800000),
(475, 237, 27, 1, 1600000),
(476, 238, 22, 2, 750000),
(477, 239, 17, 1, 2100000),
(478, 239, 22, 2, 750000),
(479, 239, 7, 1, 4500000),
(480, 240, 26, 1, 1800000),
(481, 241, 20, 1, 700000),
(482, 241, 10, 1, 12000000),
(483, 242, 26, 2, 1800000),
(484, 242, 2, 1, 2500000),
(485, 242, 7, 2, 4500000),
(486, 243, 26, 1, 1800000),
(487, 244, 11, 1, 1800000),
(488, 244, 11, 2, 1800000),
(489, 245, 19, 1, 800000),
(490, 245, 13, 1, 13000000),
(491, 245, 8, 2, 1900000),
(492, 246, 9, 1, 2000000),
(493, 246, 3, 2, 1500000),
(494, 247, 11, 2, 1800000),
(495, 247, 19, 1, 800000),
(496, 248, 20, 2, 700000),
(497, 248, 25, 1, 1000000),
(498, 249, 22, 1, 750000),
(499, 249, 2, 2, 2500000),
(500, 250, 25, 2, 1000000),
(501, 250, 3, 2, 1500000),
(502, 250, 21, 2, 1000000),
(503, 251, 17, 2, 2100000),
(504, 252, 26, 2, 1800000),
(505, 252, 3, 2, 1500000),
(506, 252, 1, 1, 2800000),
(507, 253, 19, 2, 800000),
(508, 253, 25, 1, 1000000),
(509, 253, 14, 1, 2000000),
(510, 254, 9, 1, 2000000),
(511, 254, 14, 1, 2000000),
(512, 255, 16, 1, 2500000),
(513, 256, 19, 1, 800000),
(514, 256, 24, 1, 1700000),
(515, 256, 8, 2, 1900000),
(516, 257, 16, 2, 2500000),
(517, 258, 17, 2, 2100000),
(518, 258, 6, 2, 2500000),
(519, 258, 13, 1, 13000000),
(520, 259, 9, 2, 2000000),
(521, 259, 3, 2, 1500000),
(522, 259, 27, 1, 1600000),
(523, 260, 14, 2, 2000000),
(524, 260, 17, 1, 2100000),
(525, 261, 7, 2, 4500000),
(526, 262, 20, 2, 700000),
(527, 262, 2, 1, 2500000),
(528, 263, 20, 2, 700000),
(529, 263, 24, 2, 1700000),
(530, 264, 3, 2, 1500000),
(531, 265, 13, 2, 13000000),
(532, 265, 20, 1, 700000),
(533, 266, 24, 2, 1700000),
(534, 266, 12, 1, 7000000),
(535, 267, 11, 2, 1800000),
(536, 268, 3, 2, 1500000),
(537, 268, 26, 1, 1800000),
(538, 269, 6, 2, 2500000),
(539, 269, 20, 1, 700000),
(540, 270, 14, 1, 2000000),
(541, 271, 14, 1, 2000000),
(542, 271, 25, 1, 1000000),
(543, 272, 14, 2, 2000000),
(544, 272, 11, 2, 1800000),
(545, 272, 17, 1, 2100000),
(546, 273, 18, 1, 3800000),
(547, 273, 21, 2, 1000000),
(548, 274, 14, 1, 2000000),
(549, 275, 23, 1, 2500000),
(550, 275, 6, 2, 2500000),
(551, 275, 22, 2, 750000),
(552, 276, 7, 1, 4500000),
(553, 277, 22, 1, 750000),
(554, 277, 18, 1, 3800000),
(555, 277, 16, 2, 2500000),
(556, 278, 23, 2, 2500000),
(557, 278, 25, 2, 1000000),
(558, 278, 25, 1, 1000000),
(559, 279, 19, 1, 800000),
(560, 279, 3, 1, 1500000),
(561, 279, 26, 1, 1800000),
(562, 280, 12, 2, 7000000),
(563, 280, 19, 1, 800000),
(564, 280, 3, 1, 1500000),
(565, 281, 6, 1, 2500000),
(566, 281, 10, 1, 12000000),
(567, 281, 16, 2, 2500000),
(568, 282, 1, 2, 2800000),
(569, 283, 25, 2, 1000000),
(570, 283, 25, 1, 1000000),
(571, 284, 6, 1, 2500000),
(572, 285, 10, 2, 12000000),
(573, 285, 2, 1, 2500000),
(574, 285, 1, 2, 2800000),
(575, 286, 18, 2, 3800000),
(576, 287, 19, 1, 800000),
(577, 287, 17, 1, 2100000),
(578, 288, 24, 1, 1700000),
(579, 288, 11, 1, 1800000),
(580, 289, 9, 2, 2000000),
(581, 289, 26, 2, 1800000),
(582, 290, 24, 2, 1700000),
(583, 290, 25, 1, 1000000),
(584, 290, 19, 1, 800000),
(585, 291, 3, 2, 1500000),
(586, 292, 8, 2, 1900000),
(587, 292, 22, 1, 750000),
(588, 292, 11, 1, 1800000),
(589, 293, 10, 1, 12000000),
(590, 293, 20, 2, 700000),
(591, 293, 25, 1, 1000000),
(592, 294, 15, 2, 2300000),
(593, 294, 2, 1, 2500000),
(594, 294, 27, 1, 1600000),
(595, 295, 15, 1, 2300000),
(596, 295, 26, 2, 1800000),
(597, 295, 22, 1, 750000),
(598, 296, 12, 2, 7000000),
(599, 296, 16, 2, 2500000),
(600, 297, 24, 2, 1700000),
(601, 297, 15, 1, 2300000),
(602, 298, 27, 1, 1600000),
(603, 299, 12, 2, 7000000),
(604, 299, 17, 1, 2100000),
(605, 299, 1, 2, 2800000),
(606, 300, 10, 2, 12000000),
(607, 301, 20, 1, 700000),
(608, 301, 13, 1, 13000000),
(609, 301, 13, 1, 13000000),
(610, 302, 10, 2, 12000000),
(611, 302, 7, 1, 4500000),
(612, 303, 19, 2, 800000),
(613, 304, 13, 2, 13000000),
(614, 304, 11, 1, 1800000),
(615, 305, 21, 1, 1000000),
(616, 305, 9, 1, 2000000),
(617, 306, 22, 1, 750000),
(618, 306, 27, 1, 1600000),
(619, 306, 10, 2, 12000000),
(620, 307, 6, 2, 2500000),
(621, 307, 22, 1, 750000),
(622, 307, 17, 2, 2100000),
(623, 308, 14, 2, 2000000),
(624, 308, 26, 1, 1800000),
(625, 308, 23, 2, 2500000),
(626, 309, 16, 1, 2500000),
(627, 309, 2, 2, 2500000),
(628, 309, 22, 2, 750000),
(629, 310, 2, 1, 2500000),
(630, 310, 19, 2, 800000),
(631, 310, 14, 2, 2000000),
(632, 311, 23, 1, 2500000),
(633, 311, 13, 2, 13000000),
(634, 311, 12, 1, 7000000),
(635, 312, 25, 2, 1000000),
(636, 313, 21, 2, 1000000),
(637, 314, 25, 2, 1000000),
(638, 314, 1, 1, 2800000),
(639, 315, 9, 1, 2000000),
(640, 315, 1, 1, 2800000),
(641, 316, 23, 1, 2500000),
(642, 317, 3, 1, 1500000),
(643, 318, 26, 2, 1800000),
(644, 319, 21, 2, 1000000),
(645, 319, 21, 2, 1000000),
(646, 319, 6, 1, 2500000),
(647, 320, 11, 2, 1800000),
(648, 320, 9, 1, 2000000),
(649, 320, 1, 2, 2800000),
(650, 321, 10, 2, 12000000),
(651, 322, 3, 1, 1500000),
(652, 322, 27, 1, 1600000),
(653, 323, 19, 1, 800000),
(654, 324, 8, 1, 1900000),
(655, 324, 18, 2, 3800000),
(656, 325, 17, 2, 2100000),
(657, 325, 24, 1, 1700000),
(658, 325, 19, 2, 800000),
(659, 326, 8, 1, 1900000),
(660, 327, 1, 1, 2800000),
(661, 327, 27, 2, 1600000),
(662, 328, 22, 2, 750000),
(663, 328, 25, 2, 1000000),
(664, 328, 14, 2, 2000000),
(665, 329, 15, 2, 2300000),
(666, 329, 20, 2, 700000),
(667, 330, 7, 1, 4500000),
(668, 330, 23, 2, 2500000),
(669, 330, 3, 2, 1500000),
(670, 331, 26, 2, 1800000),
(671, 331, 19, 1, 800000),
(672, 331, 8, 2, 1900000),
(673, 332, 21, 2, 1000000),
(674, 332, 10, 1, 12000000),
(675, 333, 24, 2, 1700000),
(676, 333, 8, 2, 1900000),
(677, 333, 17, 2, 2100000),
(678, 334, 15, 2, 2300000),
(679, 334, 9, 1, 2000000),
(680, 334, 26, 2, 1800000),
(681, 335, 14, 2, 2000000),
(682, 336, 13, 1, 13000000),
(683, 337, 20, 2, 700000),
(684, 337, 11, 1, 1800000),
(685, 338, 7, 2, 4500000),
(686, 338, 9, 1, 2000000),
(687, 338, 11, 2, 1800000),
(688, 339, 14, 2, 2000000),
(689, 339, 20, 2, 700000),
(690, 339, 15, 1, 2300000),
(691, 340, 8, 1, 1900000),
(692, 340, 3, 1, 1500000),
(693, 340, 6, 2, 2500000),
(694, 341, 1, 1, 2800000),
(695, 341, 3, 1, 1500000),
(696, 341, 15, 1, 2300000),
(697, 342, 7, 2, 4500000),
(698, 343, 12, 1, 7000000),
(699, 343, 19, 1, 800000),
(700, 344, 23, 2, 2500000),
(701, 344, 26, 1, 1800000),
(702, 345, 22, 1, 750000),
(703, 346, 11, 1, 1800000),
(704, 347, 1, 1, 2800000),
(705, 347, 10, 2, 12000000),
(706, 348, 13, 1, 13000000),
(707, 348, 15, 1, 2300000),
(708, 348, 8, 1, 1900000),
(709, 349, 20, 2, 700000),
(710, 349, 22, 1, 750000),
(711, 350, 27, 1, 1600000),
(712, 350, 1, 1, 2800000),
(713, 350, 18, 1, 3800000),
(714, 351, 6, 2, 2500000),
(715, 351, 17, 2, 2100000),
(716, 352, 7, 1, 4500000),
(717, 353, 10, 1, 12000000),
(718, 353, 24, 1, 1700000),
(719, 354, 8, 1, 1900000),
(720, 354, 23, 2, 2500000),
(721, 355, 12, 2, 7000000),
(722, 356, 26, 2, 1800000),
(723, 357, 8, 1, 1900000),
(724, 357, 8, 2, 1900000),
(725, 357, 3, 2, 1500000),
(726, 358, 12, 2, 7000000),
(727, 358, 6, 2, 2500000),
(728, 359, 21, 2, 1000000),
(729, 360, 13, 1, 13000000),
(730, 360, 18, 2, 3800000),
(731, 360, 13, 1, 13000000),
(732, 361, 24, 1, 1700000),
(733, 362, 15, 1, 2300000),
(734, 362, 10, 2, 12000000),
(735, 362, 22, 1, 750000),
(736, 363, 18, 2, 3800000),
(737, 364, 16, 1, 2500000),
(738, 365, 23, 1, 2500000),
(739, 366, 20, 2, 700000),
(740, 367, 25, 1, 1000000),
(741, 367, 3, 1, 1500000),
(742, 367, 6, 2, 2500000),
(743, 368, 18, 2, 3800000),
(744, 368, 15, 1, 2300000),
(745, 368, 2, 2, 2500000),
(746, 369, 14, 1, 2000000),
(747, 369, 25, 1, 1000000),
(748, 369, 16, 2, 2500000),
(749, 370, 25, 2, 1000000),
(750, 370, 14, 2, 2000000),
(751, 370, 12, 1, 7000000),
(752, 371, 23, 1, 2500000),
(753, 372, 23, 2, 2500000),
(754, 372, 17, 2, 2100000),
(755, 372, 27, 1, 1600000),
(756, 373, 7, 1, 4500000),
(757, 373, 8, 2, 1900000),
(758, 373, 1, 1, 2800000),
(759, 374, 25, 2, 1000000),
(760, 375, 16, 2, 2500000),
(761, 375, 3, 1, 1500000),
(762, 375, 23, 1, 2500000),
(763, 376, 21, 2, 1000000),
(764, 376, 8, 2, 1900000),
(765, 376, 17, 2, 2100000),
(766, 377, 26, 1, 1800000),
(767, 377, 13, 1, 13000000),
(768, 377, 14, 1, 2000000),
(769, 378, 22, 2, 750000),
(770, 378, 1, 2, 2800000),
(771, 379, 11, 2, 1800000),
(772, 379, 8, 2, 1900000),
(773, 379, 21, 1, 1000000),
(774, 380, 7, 1, 4500000),
(775, 381, 6, 1, 2500000),
(776, 382, 23, 2, 2500000),
(777, 383, 23, 1, 2500000),
(778, 383, 13, 1, 13000000),
(779, 383, 25, 1, 1000000),
(780, 384, 6, 1, 2500000),
(781, 384, 2, 2, 2500000),
(782, 384, 15, 1, 2300000),
(783, 385, 23, 1, 2500000),
(784, 386, 18, 1, 3800000),
(785, 387, 1, 2, 2800000),
(786, 387, 10, 1, 12000000),
(787, 387, 22, 1, 750000),
(788, 388, 14, 2, 2000000),
(789, 388, 12, 2, 7000000),
(790, 389, 24, 1, 1700000),
(791, 389, 19, 2, 800000),
(792, 389, 11, 1, 1800000),
(793, 390, 13, 1, 13000000),
(794, 391, 2, 1, 2500000),
(795, 392, 19, 1, 800000),
(796, 393, 19, 2, 800000),
(797, 393, 18, 1, 3800000),
(798, 393, 21, 2, 1000000),
(799, 394, 15, 2, 2300000),
(800, 394, 9, 2, 2000000),
(801, 395, 2, 1, 2500000),
(802, 395, 3, 2, 1500000),
(803, 396, 2, 1, 2500000),
(804, 397, 17, 1, 2100000),
(805, 397, 12, 1, 7000000),
(806, 397, 7, 2, 4500000),
(807, 398, 21, 1, 1000000),
(808, 399, 26, 2, 1800000),
(809, 399, 24, 1, 1700000),
(810, 399, 12, 1, 7000000),
(811, 400, 18, 1, 3800000),
(812, 400, 27, 1, 1600000),
(813, 401, 24, 2, 1700000),
(814, 401, 7, 1, 4500000),
(815, 401, 11, 1, 1800000),
(816, 402, 3, 1, 1500000),
(817, 402, 14, 1, 2000000),
(818, 402, 15, 2, 2300000),
(819, 403, 17, 2, 2100000),
(820, 403, 2, 1, 2500000),
(821, 404, 3, 1, 1500000),
(822, 405, 10, 1, 12000000),
(823, 405, 25, 2, 1000000),
(824, 405, 11, 2, 1800000),
(825, 406, 21, 2, 1000000),
(826, 406, 18, 1, 3800000),
(827, 407, 24, 1, 1700000),
(828, 407, 23, 2, 2500000),
(829, 408, 15, 2, 2300000),
(830, 409, 19, 2, 800000),
(831, 410, 13, 2, 13000000),
(832, 410, 10, 1, 12000000),
(833, 410, 19, 2, 800000),
(834, 411, 19, 2, 800000),
(835, 411, 18, 2, 3800000),
(836, 411, 18, 2, 3800000),
(837, 412, 18, 2, 3800000),
(838, 412, 18, 1, 3800000),
(839, 412, 6, 1, 2500000),
(840, 413, 12, 2, 7000000),
(841, 414, 20, 1, 700000),
(842, 414, 2, 2, 2500000),
(843, 415, 15, 2, 2300000),
(844, 416, 10, 1, 12000000),
(845, 416, 2, 2, 2500000),
(846, 417, 9, 1, 2000000),
(847, 417, 13, 2, 13000000),
(848, 417, 13, 2, 13000000),
(849, 418, 15, 2, 2300000),
(850, 419, 17, 1, 2100000),
(851, 419, 26, 2, 1800000),
(852, 420, 15, 2, 2300000),
(853, 421, 6, 1, 2500000),
(854, 421, 9, 2, 2000000),
(855, 422, 7, 2, 4500000),
(856, 422, 7, 1, 4500000),
(857, 422, 23, 2, 2500000),
(858, 423, 22, 2, 750000),
(859, 423, 3, 1, 1500000),
(860, 423, 27, 2, 1600000),
(861, 424, 26, 1, 1800000),
(862, 425, 2, 1, 2500000),
(863, 425, 13, 1, 13000000),
(864, 425, 15, 1, 2300000),
(865, 426, 16, 1, 2500000),
(866, 426, 14, 1, 2000000),
(867, 426, 24, 2, 1700000),
(868, 427, 1, 2, 2800000),
(869, 427, 14, 1, 2000000),
(870, 428, 15, 1, 2300000),
(871, 428, 17, 1, 2100000),
(872, 429, 21, 1, 1000000),
(873, 430, 25, 2, 1000000),
(874, 430, 19, 1, 800000),
(875, 431, 20, 1, 700000),
(876, 432, 7, 1, 4500000),
(877, 433, 20, 1, 700000),
(878, 433, 21, 1, 1000000),
(879, 434, 24, 1, 1700000),
(880, 435, 10, 1, 12000000),
(881, 435, 21, 2, 1000000),
(882, 435, 10, 2, 12000000),
(883, 436, 8, 1, 1900000),
(884, 437, 22, 1, 750000),
(885, 437, 8, 1, 1900000),
(886, 437, 21, 1, 1000000),
(887, 438, 21, 2, 1000000),
(888, 438, 27, 2, 1600000);

-- --------------------------------------------------------

--
-- Table structure for table `kategori`
--

CREATE TABLE `kategori` (
  `id` int(11) NOT NULL,
  `nama_kategori` varchar(50) NOT NULL
) ENGINE=InnoDB DEFAULT CHARSET=utf8mb4 COLLATE=utf8mb4_general_ci;

--
-- Dumping data for table `kategori`
--

INSERT INTO `kategori` (`id`, `nama_kategori`) VALUES
(1, 'Loafers'),
(2, 'Running'),
(3, 'Sneakers'),
(4, 'Slip On'),
(7, 'Boots');

-- --------------------------------------------------------

--
-- Table structure for table `kupon`
--

CREATE TABLE `kupon` (
  `id` int(11) NOT NULL,
  `kode_kupon` varchar(50) NOT NULL,
  `jenis_kupon` enum('persen','tetap') NOT NULL,
  `nilai` decimal(10,2) NOT NULL,
  `tanggal_kadaluarsa` date NOT NULL,
  `status` enum('aktif','tidak aktif') NOT NULL DEFAULT 'aktif'
) ENGINE=InnoDB DEFAULT CHARSET=utf8mb4 COLLATE=utf8mb4_general_ci;

--
-- Dumping data for table `kupon`
--

INSERT INTO `kupon` (`id`, `kode_kupon`, `jenis_kupon`, `nilai`, `tanggal_kadaluarsa`, `status`) VALUES
(1, 'AIDUL7490', 'persen', 5.00, '2025-07-21', 'aktif');

-- --------------------------------------------------------

--
-- Table structure for table `pengaduan`
--

CREATE TABLE `pengaduan` (
  `id` int(11) NOT NULL,
  `customer_id` int(11) NOT NULL,
  `subjek` varchar(255) NOT NULL,
  `status` enum('Baru','Dibalas Admin','Dibalas Customer','Ditutup') NOT NULL DEFAULT 'Baru',
  `tanggal_dibuat` timestamp NOT NULL DEFAULT current_timestamp(),
  `tanggal_update` timestamp NOT NULL DEFAULT current_timestamp() ON UPDATE current_timestamp()
) ENGINE=InnoDB DEFAULT CHARSET=utf8mb4 COLLATE=utf8mb4_general_ci;

--
-- Dumping data for table `pengaduan`
--

INSERT INTO `pengaduan` (`id`, `customer_id`, `subjek`, `status`, `tanggal_dibuat`, `tanggal_update`) VALUES
(1, 1, 'Pesanan saya belum sampai', 'Dibalas Admin', '2025-06-23 13:25:57', '2025-06-23 13:47:53');

-- --------------------------------------------------------

--
-- Table structure for table `pengaturan`
--

CREATE TABLE `pengaturan` (
  `setting_key` varchar(100) NOT NULL,
  `setting_value` text DEFAULT NULL
) ENGINE=InnoDB DEFAULT CHARSET=utf8mb4 COLLATE=utf8mb4_general_ci;

--
-- Dumping data for table `pengaturan`
--

INSERT INTO `pengaturan` (`setting_key`, `setting_value`) VALUES
('alamat_toko', 'Jl. Pahlawan No. 123, Banjarmasin, Kalimantan Selatan'),
('biaya_pengiriman', '15000'),
('email_toko', 'aihunterscanner@gmail.com'),
('nama_toko', 'Rewalk-Store'),
('nomor_rekening', 'JAGO - 106716958475 a/n Aidul Akbari'),
('telepon_toko', '082354625412');

-- --------------------------------------------------------

--
-- Table structure for table `pesanan`
--

CREATE TABLE `pesanan` (
  `id` int(11) NOT NULL,
  `customer_id` int(11) DEFAULT NULL,
  `tanggal_pesanan` datetime DEFAULT current_timestamp(),
  `total_harga` int(11) NOT NULL,
  `biaya_pengiriman` int(11) NOT NULL DEFAULT 0,
  `status` enum('pending','diproses','dikirim','selesai','dibatalkan') DEFAULT 'pending'
) ENGINE=InnoDB DEFAULT CHARSET=utf8mb4 COLLATE=utf8mb4_general_ci;

--
-- Dumping data for table `pesanan`
--

INSERT INTO `pesanan` (`id`, `customer_id`, `tanggal_pesanan`, `total_harga`, `biaya_pengiriman`, `status`) VALUES
(1, 2, '2024-12-25 14:38:46', 5000000, 45000, 'selesai'),
(2, 1, '2024-12-25 14:38:46', 9000000, 75000, 'selesai'),
(3, 2, '2024-12-25 14:38:46', 750000, 15000, 'selesai'),
(4, 2, '2024-12-26 14:38:46', 5000000, 30000, 'selesai'),
(5, 1, '2024-12-26 14:38:46', 30550000, 60000, 'selesai'),
(6, 2, '2024-12-27 14:38:46', 3300000, 30000, 'selesai'),
(7, 1, '2024-12-27 14:38:46', 29600000, 60000, 'selesai'),
(8, 2, '2024-12-27 14:38:46', 2000000, 30000, 'selesai'),
(9, 1, '2024-12-28 14:38:46', 3600000, 30000, 'selesai'),
(10, 1, '2024-12-28 14:38:46', 16200000, 45000, 'selesai'),
(11, 1, '2024-12-28 14:38:46', 2300000, 15000, 'selesai'),
(12, 2, '2024-12-29 14:38:46', 14700000, 30000, 'selesai'),
(13, 2, '2024-12-30 14:38:46', 17100000, 60000, 'selesai'),
(14, 1, '2024-12-30 14:38:46', 9000000, 75000, 'selesai'),
(15, 2, '2024-12-31 14:38:46', 5600000, 45000, 'selesai'),
(16, 1, '2024-12-31 14:38:46', 5500000, 45000, 'selesai'),
(17, 2, '2025-01-01 14:38:46', 2600000, 45000, 'selesai'),
(18, 1, '2025-01-01 14:38:46', 6000000, 75000, 'selesai'),
(19, 2, '2025-01-01 14:38:46', 5900000, 45000, 'selesai'),
(20, 2, '2025-01-02 14:38:46', 4500000, 15000, 'selesai'),
(21, 2, '2025-01-02 14:38:46', 7000000, 15000, 'selesai'),
(22, 2, '2025-01-02 14:38:46', 9700000, 45000, 'selesai'),
(23, 1, '2025-01-02 14:38:46', 10000000, 75000, 'selesai'),
(24, 1, '2025-01-03 14:38:46', 14300000, 30000, 'selesai'),
(25, 1, '2025-01-04 14:38:46', 7600000, 30000, 'selesai'),
(26, 2, '2025-01-04 14:38:46', 6000000, 45000, 'selesai'),
(27, 1, '2025-01-05 14:38:46', 12600000, 60000, 'selesai'),
(28, 1, '2025-01-06 14:38:46', 8600000, 30000, 'selesai'),
(29, 1, '2025-01-06 14:38:46', 1900000, 15000, 'selesai'),
(30, 2, '2025-01-06 14:38:46', 24000000, 30000, 'selesai'),
(31, 1, '2025-01-07 14:38:46', 26100000, 45000, 'selesai'),
(32, 1, '2025-01-10 14:38:46', 6600000, 30000, 'selesai'),
(33, 2, '2025-01-10 14:38:46', 700000, 15000, 'selesai'),
(34, 1, '2025-01-10 14:38:46', 31000000, 90000, 'selesai'),
(35, 1, '2025-01-11 14:38:46', 7500000, 45000, 'selesai'),
(36, 2, '2025-01-11 14:38:46', 6600000, 60000, 'selesai'),
(37, 1, '2025-01-12 14:38:46', 1800000, 15000, 'selesai'),
(38, 2, '2025-01-12 14:38:46', 11300000, 60000, 'selesai'),
(39, 1, '2025-01-13 14:38:46', 1700000, 15000, 'selesai'),
(40, 1, '2025-01-13 14:38:46', 800000, 15000, 'selesai'),
(41, 1, '2025-01-13 14:38:46', 10900000, 75000, 'selesai'),
(42, 2, '2025-01-13 14:38:46', 21100000, 75000, 'selesai'),
(43, 1, '2025-01-13 14:38:46', 4900000, 45000, 'selesai'),
(44, 2, '2025-01-14 14:38:46', 30000000, 60000, 'selesai'),
(45, 1, '2025-01-14 14:38:46', 5500000, 45000, 'selesai'),
(46, 2, '2025-01-14 14:38:46', 9600000, 60000, 'selesai'),
(47, 2, '2025-01-14 14:38:46', 700000, 15000, 'selesai'),
(48, 1, '2025-01-14 14:38:46', 1700000, 15000, 'selesai'),
(49, 1, '2025-01-16 14:38:46', 18800000, 75000, 'selesai'),
(50, 1, '2025-01-16 14:38:46', 13400000, 60000, 'selesai'),
(51, 2, '2025-01-16 14:38:46', 1500000, 30000, 'selesai'),
(52, 1, '2025-01-16 14:38:46', 4500000, 15000, 'selesai'),
(53, 1, '2025-01-16 14:38:46', 8500000, 75000, 'selesai'),
(54, 2, '2025-01-17 14:38:46', 16100000, 60000, 'selesai'),
(55, 2, '2025-01-17 14:38:46', 4800000, 45000, 'selesai'),
(56, 1, '2025-01-17 14:38:46', 5000000, 30000, 'selesai'),
(57, 1, '2025-01-17 14:38:46', 9200000, 90000, 'selesai'),
(58, 2, '2025-01-17 14:38:46', 7000000, 15000, 'selesai'),
(59, 1, '2025-01-18 14:38:46', 2000000, 30000, 'selesai'),
(60, 2, '2025-01-18 14:38:46', 7600000, 30000, 'selesai'),
(61, 2, '2025-01-18 14:38:46', 3800000, 30000, 'selesai'),
(62, 1, '2025-01-18 14:38:46', 5300000, 45000, 'selesai'),
(63, 1, '2025-01-18 14:38:46', 10800000, 45000, 'selesai'),
(64, 2, '2025-01-20 14:38:46', 7600000, 30000, 'selesai'),
(65, 1, '2025-01-20 14:38:46', 1600000, 15000, 'selesai'),
(66, 2, '2025-01-20 14:38:46', 3400000, 45000, 'selesai'),
(67, 2, '2025-01-20 14:38:46', 2500000, 15000, 'selesai'),
(68, 1, '2025-01-20 14:38:46', 11800000, 60000, 'selesai'),
(69, 1, '2025-01-23 14:38:46', 6500000, 75000, 'selesai'),
(70, 2, '2025-01-23 14:38:46', 3250000, 30000, 'selesai'),
(71, 1, '2025-01-23 14:38:46', 3600000, 30000, 'selesai'),
(72, 2, '2025-01-23 14:38:46', 20200000, 90000, 'selesai'),
(73, 2, '2025-01-26 14:38:46', 4600000, 45000, 'selesai'),
(74, 1, '2025-01-26 14:38:46', 5000000, 45000, 'selesai'),
(75, 2, '2025-01-29 14:38:46', 6700000, 60000, 'selesai'),
(76, 1, '2025-01-30 14:38:46', 10900000, 60000, 'selesai'),
(77, 2, '2025-01-30 14:38:46', 10000000, 75000, 'selesai'),
(78, 2, '2025-01-31 14:38:46', 10100000, 60000, 'selesai'),
(79, 1, '2025-02-01 14:38:46', 7000000, 60000, 'selesai'),
(80, 1, '2025-02-01 14:38:46', 16000000, 45000, 'selesai'),
(81, 1, '2025-02-01 14:38:46', 8300000, 60000, 'selesai'),
(82, 2, '2025-02-02 14:38:46', 14800000, 30000, 'selesai'),
(83, 2, '2025-02-03 14:38:46', 5700000, 75000, 'selesai'),
(84, 1, '2025-02-03 14:38:46', 38000000, 60000, 'selesai'),
(85, 2, '2025-02-03 14:38:46', 9200000, 60000, 'selesai'),
(86, 2, '2025-02-04 14:38:46', 700000, 15000, 'selesai'),
(87, 2, '2025-02-04 14:38:46', 12000000, 90000, 'selesai'),
(88, 1, '2025-02-04 14:38:46', 5000000, 30000, 'selesai'),
(89, 1, '2025-02-05 14:38:46', 4950000, 45000, 'selesai'),
(90, 1, '2025-02-05 14:38:46', 6700000, 60000, 'selesai'),
(91, 2, '2025-02-05 14:38:46', 3000000, 30000, 'selesai'),
(92, 2, '2025-02-05 14:38:46', 5700000, 45000, 'selesai'),
(93, 1, '2025-02-05 14:38:46', 14000000, 30000, 'selesai'),
(94, 1, '2025-02-06 14:38:46', 22600000, 60000, 'selesai'),
(95, 1, '2025-02-06 14:38:46', 10600000, 45000, 'selesai'),
(96, 2, '2025-02-06 14:38:46', 2100000, 15000, 'selesai'),
(97, 1, '2025-02-06 14:38:46', 7200000, 60000, 'selesai'),
(98, 2, '2025-02-06 14:38:46', 9200000, 60000, 'selesai'),
(99, 1, '2025-02-07 14:38:46', 5000000, 30000, 'selesai'),
(100, 2, '2025-02-08 14:38:46', 10200000, 75000, 'selesai'),
(101, 1, '2025-02-08 14:38:46', 4000000, 30000, 'selesai'),
(102, 1, '2025-02-08 14:38:46', 2000000, 30000, 'selesai'),
(103, 2, '2025-02-08 14:38:46', 24400000, 75000, 'selesai'),
(104, 1, '2025-02-08 14:38:46', 5400000, 60000, 'selesai'),
(105, 1, '2025-02-09 14:38:46', 3800000, 15000, 'selesai'),
(106, 2, '2025-02-09 14:38:46', 4200000, 30000, 'selesai'),
(107, 1, '2025-02-09 14:38:46', 8700000, 60000, 'selesai'),
(108, 1, '2025-02-09 14:38:46', 2200000, 45000, 'selesai'),
(109, 2, '2025-02-09 14:38:46', 1900000, 15000, 'selesai'),
(110, 1, '2025-02-11 14:38:46', 12600000, 90000, 'selesai'),
(111, 2, '2025-02-11 14:38:46', 26500000, 45000, 'selesai'),
(112, 2, '2025-02-12 14:38:46', 12000000, 90000, 'selesai'),
(113, 1, '2025-02-12 14:38:46', 6000000, 45000, 'selesai'),
(114, 2, '2025-02-12 14:38:46', 2500000, 15000, 'selesai'),
(115, 1, '2025-02-12 14:38:46', 2000000, 30000, 'selesai'),
(116, 1, '2025-02-12 14:38:46', 3750000, 75000, 'selesai'),
(117, 2, '2025-02-13 14:38:46', 8800000, 75000, 'selesai'),
(118, 1, '2025-02-13 14:38:46', 17900000, 60000, 'selesai'),
(119, 2, '2025-02-13 14:38:46', 17200000, 45000, 'selesai'),
(120, 1, '2025-02-13 14:38:46', 1600000, 30000, 'selesai'),
(121, 1, '2025-02-13 14:38:46', 5600000, 30000, 'selesai'),
(122, 2, '2025-02-15 14:38:46', 3900000, 45000, 'selesai'),
(123, 1, '2025-02-15 14:38:46', 11400000, 90000, 'selesai'),
(124, 1, '2025-02-15 14:38:46', 26000000, 30000, 'selesai'),
(125, 1, '2025-02-15 14:38:46', 2500000, 15000, 'selesai'),
(126, 2, '2025-02-15 14:38:46', 14700000, 60000, 'selesai'),
(127, 1, '2025-02-16 14:38:46', 33200000, 75000, 'selesai'),
(128, 1, '2025-02-16 14:38:46', 12000000, 15000, 'selesai'),
(129, 2, '2025-02-16 14:38:46', 1900000, 15000, 'selesai'),
(130, 1, '2025-02-16 14:38:46', 2300000, 15000, 'selesai'),
(131, 1, '2025-02-16 14:38:46', 3400000, 45000, 'selesai'),
(132, 2, '2025-02-17 14:38:46', 53800000, 90000, 'selesai'),
(133, 1, '2025-02-17 14:38:46', 8100000, 60000, 'selesai'),
(134, 2, '2025-02-17 14:38:46', 5800000, 45000, 'selesai'),
(135, 1, '2025-02-18 14:38:46', 5000000, 30000, 'selesai'),
(136, 2, '2025-02-18 14:38:46', 8400000, 60000, 'selesai'),
(137, 2, '2025-02-18 14:38:46', 17600000, 45000, 'selesai'),
(138, 2, '2025-02-18 14:38:46', 6300000, 45000, 'selesai'),
(139, 2, '2025-02-18 14:38:46', 8500000, 60000, 'selesai'),
(140, 2, '2025-02-19 14:38:46', 8500000, 45000, 'selesai'),
(141, 1, '2025-02-19 14:38:46', 7000000, 45000, 'selesai'),
(142, 2, '2025-02-20 14:38:46', 17200000, 45000, 'selesai'),
(143, 2, '2025-02-20 14:38:46', 4000000, 30000, 'selesai'),
(144, 1, '2025-02-20 14:38:46', 2500000, 15000, 'selesai'),
(145, 2, '2025-02-20 14:38:46', 2500000, 15000, 'selesai'),
(146, 1, '2025-02-21 14:38:46', 1800000, 15000, 'selesai'),
(147, 2, '2025-02-21 14:38:46', 14500000, 30000, 'selesai'),
(148, 2, '2025-02-21 14:38:46', 2500000, 15000, 'selesai'),
(149, 1, '2025-02-21 14:38:46', 5700000, 45000, 'selesai'),
(150, 1, '2025-02-22 14:38:46', 3100000, 30000, 'selesai'),
(151, 1, '2025-02-22 14:38:46', 26600000, 60000, 'selesai'),
(152, 2, '2025-02-22 14:38:46', 31100000, 75000, 'selesai'),
(153, 1, '2025-02-23 14:38:46', 2500000, 15000, 'selesai'),
(154, 1, '2025-02-23 14:38:46', 21500000, 60000, 'selesai'),
(155, 2, '2025-02-23 14:38:46', 21500000, 45000, 'selesai'),
(156, 2, '2025-02-24 14:38:46', 3300000, 30000, 'selesai'),
(157, 1, '2025-02-24 14:38:46', 1500000, 30000, 'selesai'),
(158, 1, '2025-02-24 14:38:46', 5600000, 45000, 'selesai'),
(159, 1, '2025-02-26 14:38:46', 14400000, 75000, 'selesai'),
(160, 2, '2025-02-26 14:38:46', 3600000, 30000, 'selesai'),
(161, 1, '2025-02-26 14:38:46', 8600000, 60000, 'selesai'),
(162, 2, '2025-02-27 14:38:46', 14800000, 90000, 'selesai'),
(163, 1, '2025-02-28 14:38:46', 7000000, 15000, 'selesai'),
(164, 1, '2025-02-28 14:38:46', 5000000, 60000, 'selesai'),
(165, 1, '2025-02-28 14:38:46', 6100000, 45000, 'selesai'),
(166, 1, '2025-03-01 14:38:46', 5600000, 30000, 'selesai'),
(167, 1, '2025-03-01 14:38:46', 13000000, 15000, 'selesai'),
(168, 2, '2025-03-03 14:38:46', 7800000, 75000, 'selesai'),
(169, 2, '2025-03-03 14:38:46', 5300000, 75000, 'selesai'),
(170, 2, '2025-03-03 14:38:46', 5000000, 30000, 'selesai'),
(171, 1, '2025-03-03 14:38:46', 28500000, 60000, 'selesai'),
(172, 2, '2025-03-04 14:38:46', 5300000, 45000, 'selesai'),
(173, 2, '2025-03-04 14:38:46', 1500000, 30000, 'selesai'),
(174, 1, '2025-03-04 14:38:46', 1400000, 30000, 'selesai'),
(175, 1, '2025-03-05 14:38:46', 2500000, 15000, 'selesai'),
(176, 1, '2025-03-06 14:38:46', 1500000, 15000, 'selesai'),
(177, 2, '2025-03-07 14:38:46', 3100000, 45000, 'selesai'),
(178, 2, '2025-03-07 14:38:46', 30000000, 60000, 'selesai'),
(179, 2, '2025-03-08 14:38:46', 4200000, 30000, 'selesai'),
(180, 2, '2025-03-08 14:38:46', 4900000, 45000, 'selesai'),
(181, 1, '2025-03-10 14:38:46', 32100000, 75000, 'selesai'),
(182, 2, '2025-03-11 14:38:46', 2300000, 30000, 'selesai'),
(183, 1, '2025-03-11 14:38:46', 31400000, 90000, 'selesai'),
(184, 1, '2025-03-12 14:38:46', 6000000, 45000, 'selesai'),
(185, 1, '2025-03-13 14:38:46', 14000000, 45000, 'selesai'),
(186, 2, '2025-03-13 14:38:46', 28000000, 45000, 'selesai'),
(187, 2, '2025-03-13 14:38:46', 4800000, 75000, 'selesai'),
(188, 2, '2025-03-13 14:38:46', 3250000, 30000, 'selesai'),
(189, 2, '2025-03-13 14:38:46', 3400000, 30000, 'selesai'),
(190, 1, '2025-03-14 14:38:46', 6000000, 75000, 'selesai'),
(191, 2, '2025-03-14 14:38:46', 700000, 15000, 'selesai'),
(192, 1, '2025-03-14 14:38:46', 5500000, 75000, 'selesai'),
(193, 2, '2025-03-15 14:38:46', 3600000, 30000, 'selesai'),
(194, 1, '2025-03-15 14:38:46', 1500000, 30000, 'selesai'),
(195, 1, '2025-03-15 14:38:46', 6500000, 45000, 'selesai'),
(196, 1, '2025-03-15 14:38:46', 2000000, 15000, 'selesai'),
(197, 1, '2025-03-15 14:38:46', 750000, 15000, 'selesai'),
(198, 1, '2025-03-16 14:38:46', 1800000, 15000, 'selesai'),
(199, 2, '2025-03-16 14:38:46', 5800000, 45000, 'selesai'),
(200, 1, '2025-03-17 14:38:46', 3300000, 30000, 'selesai'),
(201, 2, '2025-03-17 14:38:46', 5900000, 60000, 'selesai'),
(202, 2, '2025-03-17 14:38:46', 19800000, 75000, 'selesai'),
(203, 1, '2025-03-17 14:38:46', 8700000, 60000, 'selesai'),
(204, 2, '2025-03-18 14:38:46', 13800000, 60000, 'selesai'),
(205, 1, '2025-03-18 14:38:46', 7800000, 60000, 'selesai'),
(206, 1, '2025-03-18 14:38:46', 27400000, 60000, 'selesai'),
(207, 2, '2025-03-18 14:38:46', 26000000, 30000, 'selesai'),
(208, 2, '2025-03-18 14:38:46', 25600000, 45000, 'selesai'),
(209, 1, '2025-03-19 14:38:46', 4600000, 30000, 'selesai'),
(210, 2, '2025-03-19 14:38:46', 9000000, 75000, 'selesai'),
(211, 1, '2025-03-19 14:38:46', 21000000, 75000, 'selesai'),
(212, 1, '2025-03-22 14:38:46', 7000000, 15000, 'selesai'),
(213, 1, '2025-03-22 14:38:46', 6300000, 45000, 'selesai'),
(214, 2, '2025-03-22 14:38:46', 15900000, 60000, 'selesai'),
(215, 2, '2025-03-23 14:38:46', 10400000, 60000, 'selesai'),
(216, 1, '2025-03-23 14:38:46', 12600000, 60000, 'selesai'),
(217, 1, '2025-03-24 14:38:46', 2800000, 15000, 'selesai'),
(218, 1, '2025-03-25 14:38:46', 3600000, 60000, 'selesai'),
(219, 2, '2025-03-26 14:38:46', 9600000, 75000, 'selesai'),
(220, 2, '2025-03-27 14:38:46', 27800000, 45000, 'selesai'),
(221, 1, '2025-03-27 14:38:46', 2100000, 15000, 'selesai'),
(222, 1, '2025-03-27 14:38:46', 3600000, 30000, 'selesai'),
(223, 2, '2025-03-27 14:38:46', 26000000, 45000, 'selesai'),
(224, 1, '2025-03-28 14:38:46', 3600000, 30000, 'selesai'),
(225, 2, '2025-03-29 14:38:46', 5600000, 45000, 'selesai'),
(226, 2, '2025-03-29 14:38:46', 7600000, 60000, 'selesai'),
(227, 2, '2025-03-29 14:38:46', 10550000, 75000, 'selesai'),
(228, 1, '2025-03-30 14:38:46', 24000000, 30000, 'selesai'),
(229, 1, '2025-04-01 14:38:46', 16000000, 45000, 'selesai'),
(230, 1, '2025-04-01 14:38:46', 4500000, 45000, 'selesai'),
(231, 2, '2025-04-02 14:38:46', 5300000, 60000, 'selesai'),
(232, 1, '2025-04-02 14:38:46', 1000000, 15000, 'selesai'),
(233, 1, '2025-04-03 14:38:46', 1500000, 15000, 'selesai'),
(234, 1, '2025-04-03 14:38:46', 8500000, 30000, 'selesai'),
(235, 2, '2025-04-03 14:38:46', 5500000, 45000, 'selesai'),
(236, 2, '2025-04-03 14:38:46', 13000000, 75000, 'selesai'),
(237, 1, '2025-04-04 14:38:46', 1600000, 15000, 'selesai'),
(238, 1, '2025-04-04 14:38:46', 1500000, 30000, 'selesai'),
(239, 1, '2025-04-04 14:38:46', 8100000, 60000, 'selesai'),
(240, 2, '2025-04-04 14:38:46', 1800000, 15000, 'selesai'),
(241, 1, '2025-04-04 14:38:46', 12700000, 30000, 'selesai'),
(242, 1, '2025-04-05 14:38:46', 15100000, 75000, 'selesai'),
(243, 2, '2025-04-05 14:38:46', 1800000, 15000, 'selesai'),
(244, 1, '2025-04-05 14:38:46', 5400000, 45000, 'selesai'),
(245, 2, '2025-04-06 14:38:46', 17600000, 60000, 'selesai'),
(246, 2, '2025-04-06 14:38:46', 5000000, 45000, 'selesai'),
(247, 2, '2025-04-06 14:38:46', 4400000, 45000, 'selesai'),
(248, 2, '2025-04-06 14:38:46', 2400000, 45000, 'selesai'),
(249, 1, '2025-04-07 14:38:46', 5750000, 45000, 'selesai'),
(250, 2, '2025-04-07 14:38:46', 7000000, 90000, 'selesai'),
(251, 1, '2025-04-07 14:38:46', 4200000, 30000, 'selesai'),
(252, 2, '2025-04-08 14:38:46', 9400000, 75000, 'selesai'),
(253, 2, '2025-04-09 14:38:46', 4600000, 60000, 'selesai'),
(254, 1, '2025-04-10 14:38:46', 4000000, 30000, 'selesai'),
(255, 1, '2025-04-10 14:38:46', 2500000, 15000, 'selesai'),
(256, 1, '2025-04-11 14:38:46', 6300000, 60000, 'selesai'),
(257, 1, '2025-04-11 14:38:46', 5000000, 30000, 'selesai'),
(258, 1, '2025-04-12 14:38:46', 22200000, 75000, 'selesai'),
(259, 2, '2025-04-12 14:38:46', 8600000, 75000, 'selesai'),
(260, 1, '2025-04-13 14:38:46', 6100000, 45000, 'selesai'),
(261, 2, '2025-04-13 14:38:46', 9000000, 30000, 'selesai'),
(262, 1, '2025-04-13 14:38:46', 3900000, 45000, 'selesai'),
(263, 1, '2025-04-13 14:38:46', 4800000, 60000, 'selesai'),
(264, 1, '2025-04-13 14:38:46', 3000000, 30000, 'selesai'),
(265, 2, '2025-04-14 14:38:46', 26700000, 45000, 'selesai'),
(266, 2, '2025-04-14 14:38:46', 10400000, 45000, 'selesai'),
(267, 1, '2025-04-14 14:38:46', 3600000, 30000, 'selesai'),
(268, 1, '2025-04-14 14:38:46', 4800000, 45000, 'selesai'),
(269, 2, '2025-04-14 14:38:46', 5700000, 45000, 'selesai'),
(270, 2, '2025-04-15 14:38:46', 2000000, 15000, 'selesai'),
(271, 1, '2025-04-15 14:38:46', 3000000, 30000, 'selesai'),
(272, 2, '2025-04-15 14:38:46', 9700000, 75000, 'selesai'),
(273, 2, '2025-04-15 14:38:46', 5800000, 45000, 'selesai'),
(274, 2, '2025-04-15 14:38:46', 2000000, 15000, 'selesai'),
(275, 2, '2025-04-16 14:38:46', 9000000, 75000, 'selesai'),
(276, 1, '2025-04-16 14:38:46', 4500000, 15000, 'selesai'),
(277, 1, '2025-04-16 14:38:46', 9550000, 60000, 'selesai'),
(278, 2, '2025-04-16 14:38:46', 8000000, 75000, 'selesai'),
(279, 1, '2025-04-17 14:38:46', 4100000, 45000, 'selesai'),
(280, 2, '2025-04-17 14:38:46', 16300000, 60000, 'selesai'),
(281, 1, '2025-04-19 14:38:46', 19500000, 60000, 'selesai'),
(282, 1, '2025-04-19 14:38:46', 5600000, 30000, 'selesai'),
(283, 1, '2025-04-19 14:38:46', 3000000, 45000, 'selesai'),
(284, 1, '2025-04-19 14:38:46', 2500000, 15000, 'selesai'),
(285, 1, '2025-04-19 14:38:46', 32100000, 75000, 'selesai'),
(286, 1, '2025-04-20 14:38:46', 7600000, 30000, 'selesai'),
(287, 1, '2025-04-20 14:38:46', 2900000, 30000, 'selesai'),
(288, 1, '2025-04-20 14:38:46', 3500000, 30000, 'selesai'),
(289, 1, '2025-04-20 14:38:46', 7600000, 60000, 'selesai'),
(290, 2, '2025-04-21 14:38:46', 5200000, 60000, 'selesai'),
(291, 1, '2025-04-21 14:38:46', 3000000, 30000, 'selesai'),
(292, 2, '2025-04-22 14:38:46', 6350000, 60000, 'selesai'),
(293, 2, '2025-04-22 14:38:46', 14400000, 60000, 'selesai'),
(294, 2, '2025-04-24 14:38:46', 8700000, 60000, 'selesai'),
(295, 2, '2025-04-24 14:38:46', 6650000, 60000, 'selesai'),
(296, 1, '2025-04-24 14:38:46', 19000000, 60000, 'selesai'),
(297, 1, '2025-04-25 14:38:46', 5700000, 45000, 'selesai'),
(298, 1, '2025-04-26 14:38:46', 1600000, 15000, 'selesai'),
(299, 1, '2025-04-26 14:38:46', 21700000, 75000, 'selesai'),
(300, 2, '2025-04-27 14:38:46', 24000000, 30000, 'selesai'),
(301, 2, '2025-04-27 14:38:46', 26700000, 45000, 'selesai'),
(302, 1, '2025-04-28 14:38:46', 28500000, 45000, 'selesai'),
(303, 1, '2025-04-28 14:38:46', 1600000, 30000, 'selesai'),
(304, 1, '2025-04-28 14:38:46', 27800000, 45000, 'selesai'),
(305, 2, '2025-04-28 14:38:46', 3000000, 30000, 'selesai'),
(306, 1, '2025-04-28 14:38:46', 26350000, 60000, 'selesai'),
(307, 1, '2025-04-29 14:38:46', 9950000, 75000, 'selesai'),
(308, 1, '2025-04-29 14:38:46', 10800000, 75000, 'selesai'),
(309, 2, '2025-04-29 14:38:46', 9000000, 75000, 'selesai'),
(310, 1, '2025-05-01 14:38:46', 8100000, 75000, 'selesai'),
(311, 1, '2025-05-01 14:38:46', 35500000, 60000, 'selesai'),
(312, 1, '2025-05-01 14:38:46', 2000000, 30000, 'selesai'),
(313, 1, '2025-05-02 14:38:46', 2000000, 30000, 'selesai'),
(314, 2, '2025-05-02 14:38:46', 4800000, 45000, 'selesai'),
(315, 2, '2025-05-02 14:38:46', 4800000, 30000, 'selesai'),
(316, 2, '2025-05-02 14:38:46', 2500000, 15000, 'selesai'),
(317, 2, '2025-05-03 14:38:46', 1500000, 15000, 'selesai'),
(318, 2, '2025-05-03 14:38:46', 3600000, 30000, 'selesai'),
(319, 1, '2025-05-04 14:38:46', 6500000, 75000, 'selesai'),
(320, 1, '2025-05-04 14:38:46', 11200000, 75000, 'selesai'),
(321, 2, '2025-05-04 14:38:46', 24000000, 30000, 'selesai'),
(322, 1, '2025-05-04 14:38:46', 3100000, 30000, 'selesai'),
(323, 2, '2025-05-05 14:38:46', 800000, 15000, 'selesai'),
(324, 2, '2025-05-05 14:38:46', 9500000, 45000, 'selesai'),
(325, 1, '2025-05-05 14:38:46', 7500000, 75000, 'selesai'),
(326, 2, '2025-05-05 14:38:46', 1900000, 15000, 'selesai'),
(327, 1, '2025-05-05 14:38:46', 6000000, 45000, 'selesai'),
(328, 2, '2025-05-06 14:38:46', 7500000, 90000, 'selesai'),
(329, 2, '2025-05-06 14:38:46', 6000000, 60000, 'selesai'),
(330, 2, '2025-05-06 14:38:46', 12500000, 75000, 'selesai'),
(331, 2, '2025-05-06 14:38:46', 8200000, 75000, 'selesai'),
(332, 1, '2025-05-06 14:38:46', 14000000, 45000, 'selesai'),
(333, 2, '2025-05-08 14:38:46', 11400000, 90000, 'selesai'),
(334, 2, '2025-05-08 14:38:46', 10200000, 75000, 'selesai'),
(335, 2, '2025-05-08 14:38:46', 4000000, 30000, 'selesai'),
(336, 1, '2025-05-08 14:38:46', 13000000, 15000, 'selesai'),
(337, 2, '2025-05-08 14:38:46', 3200000, 45000, 'selesai'),
(338, 1, '2025-05-09 14:38:46', 14600000, 75000, 'selesai'),
(339, 1, '2025-05-09 14:38:46', 7700000, 75000, 'selesai'),
(340, 2, '2025-05-09 14:38:46', 8400000, 60000, 'selesai'),
(341, 1, '2025-05-09 14:38:46', 6600000, 45000, 'selesai'),
(342, 1, '2025-05-09 14:38:46', 9000000, 30000, 'selesai'),
(343, 2, '2025-05-10 14:38:46', 7800000, 30000, 'selesai'),
(344, 1, '2025-05-11 14:38:46', 6800000, 45000, 'selesai'),
(345, 2, '2025-05-11 14:38:46', 750000, 15000, 'selesai'),
(346, 1, '2025-05-13 14:38:46', 1800000, 15000, 'selesai'),
(347, 2, '2025-05-14 14:38:46', 26800000, 45000, 'selesai'),
(348, 1, '2025-05-15 14:38:46', 17200000, 45000, 'selesai'),
(349, 1, '2025-05-15 14:38:46', 2150000, 45000, 'selesai'),
(350, 2, '2025-05-15 14:38:46', 8200000, 45000, 'selesai'),
(351, 2, '2025-05-15 14:38:46', 9200000, 60000, 'selesai'),
(352, 1, '2025-05-16 14:38:46', 4500000, 15000, 'selesai'),
(353, 2, '2025-05-16 14:38:46', 13700000, 30000, 'selesai'),
(354, 1, '2025-05-16 14:38:46', 6900000, 45000, 'selesai'),
(355, 2, '2025-05-16 14:38:46', 14000000, 30000, 'selesai'),
(356, 2, '2025-05-16 14:38:46', 3600000, 30000, 'selesai'),
(357, 1, '2025-05-17 14:38:46', 8700000, 75000, 'selesai'),
(358, 1, '2025-05-17 14:38:46', 19000000, 60000, 'selesai'),
(359, 1, '2025-05-19 14:38:46', 2000000, 30000, 'selesai'),
(360, 2, '2025-05-20 14:38:46', 33600000, 60000, 'selesai'),
(361, 1, '2025-05-20 14:38:46', 1700000, 15000, 'selesai'),
(362, 2, '2025-05-20 14:38:46', 27050000, 60000, 'selesai'),
(363, 1, '2025-05-20 14:38:46', 7600000, 30000, 'selesai'),
(364, 1, '2025-05-20 14:38:46', 2500000, 15000, 'selesai'),
(365, 2, '2025-05-21 14:38:46', 2500000, 15000, 'selesai'),
(366, 1, '2025-05-21 14:38:46', 1400000, 30000, 'selesai'),
(367, 1, '2025-05-21 14:38:46', 7500000, 60000, 'selesai'),
(368, 1, '2025-05-21 14:38:46', 14900000, 75000, 'selesai'),
(369, 1, '2025-05-21 14:38:46', 8000000, 60000, 'selesai'),
(370, 1, '2025-05-23 14:38:46', 13000000, 75000, 'selesai'),
(371, 1, '2025-05-23 14:38:46', 2500000, 15000, 'selesai'),
(372, 1, '2025-05-23 14:38:46', 10800000, 75000, 'selesai'),
(373, 2, '2025-05-23 14:38:46', 11100000, 60000, 'selesai'),
(374, 1, '2025-05-23 14:38:46', 2000000, 30000, 'selesai'),
(375, 1, '2025-05-24 14:38:46', 9000000, 60000, 'selesai'),
(376, 2, '2025-05-24 14:38:46', 10000000, 90000, 'selesai'),
(377, 1, '2025-05-24 14:38:46', 16800000, 45000, 'selesai'),
(378, 2, '2025-05-24 14:38:46', 7100000, 60000, 'selesai'),
(379, 1, '2025-05-25 14:38:46', 8400000, 75000, 'selesai'),
(380, 1, '2025-05-25 14:38:46', 4500000, 15000, 'selesai'),
(381, 1, '2025-05-26 14:38:46', 2500000, 15000, 'selesai'),
(382, 2, '2025-05-26 14:38:46', 5000000, 30000, 'selesai'),
(383, 1, '2025-05-26 14:38:46', 16500000, 45000, 'selesai'),
(384, 2, '2025-05-26 14:38:46', 9800000, 60000, 'selesai'),
(385, 2, '2025-05-26 14:38:46', 2500000, 15000, 'selesai'),
(386, 1, '2025-05-27 14:38:46', 3800000, 15000, 'selesai'),
(387, 2, '2025-05-27 14:38:46', 18350000, 60000, 'selesai'),
(388, 2, '2025-05-27 14:38:46', 18000000, 60000, 'selesai'),
(389, 2, '2025-05-27 14:38:46', 5100000, 60000, 'selesai'),
(390, 2, '2025-05-29 14:38:46', 13000000, 15000, 'selesai'),
(391, 1, '2025-05-29 14:38:46', 2500000, 15000, 'selesai'),
(392, 2, '2025-05-29 14:38:46', 800000, 15000, 'selesai'),
(393, 1, '2025-05-29 14:38:46', 7400000, 75000, 'selesai'),
(394, 1, '2025-05-29 14:38:46', 8600000, 60000, 'selesai'),
(395, 1, '2025-05-30 14:38:46', 5500000, 45000, 'selesai'),
(396, 1, '2025-05-30 14:38:46', 2500000, 15000, 'selesai'),
(397, 2, '2025-05-30 14:38:46', 18100000, 60000, 'selesai'),
(398, 2, '2025-05-30 14:38:46', 1000000, 15000, 'selesai'),
(399, 1, '2025-06-02 14:38:46', 12300000, 60000, 'selesai'),
(400, 1, '2025-06-02 14:38:46', 5400000, 30000, 'selesai'),
(401, 2, '2025-06-03 14:38:46', 9700000, 60000, 'selesai'),
(402, 2, '2025-06-03 14:38:46', 8100000, 60000, 'selesai'),
(403, 1, '2025-06-03 14:38:46', 6700000, 45000, 'selesai'),
(404, 1, '2025-06-04 14:38:46', 1500000, 15000, 'selesai'),
(405, 2, '2025-06-04 14:38:46', 17600000, 75000, 'selesai'),
(406, 1, '2025-06-04 14:38:46', 5800000, 45000, 'selesai'),
(407, 2, '2025-06-11 14:38:46', 6700000, 45000, 'selesai'),
(408, 1, '2025-06-11 14:38:46', 4600000, 30000, 'selesai'),
(409, 1, '2025-06-11 14:38:46', 1600000, 30000, 'selesai'),
(410, 1, '2025-06-11 14:38:46', 39600000, 75000, 'selesai'),
(411, 1, '2025-06-12 14:38:46', 16800000, 90000, 'selesai'),
(412, 2, '2025-06-13 14:38:46', 13900000, 60000, 'selesai'),
(413, 1, '2025-06-13 14:38:46', 14000000, 30000, 'selesai'),
(414, 1, '2025-06-14 14:38:46', 5700000, 45000, 'selesai'),
(415, 1, '2025-06-14 14:38:46', 4600000, 30000, 'selesai'),
(416, 1, '2025-06-14 14:38:46', 17000000, 45000, 'selesai'),
(417, 1, '2025-06-15 14:38:46', 54000000, 75000, 'selesai'),
(418, 2, '2025-06-15 14:38:46', 4600000, 30000, 'selesai'),
(419, 1, '2025-06-15 14:38:46', 5700000, 45000, 'selesai'),
(420, 1, '2025-06-15 14:38:46', 4600000, 30000, 'selesai'),
(421, 1, '2025-06-16 14:38:46', 6500000, 45000, 'selesai'),
(422, 1, '2025-06-16 14:38:46', 18500000, 75000, 'selesai'),
(423, 2, '2025-06-16 14:38:46', 6200000, 75000, 'selesai'),
(424, 1, '2025-06-19 14:38:46', 1800000, 15000, 'selesai'),
(425, 2, '2025-06-20 14:38:46', 17800000, 45000, 'selesai'),
(426, 1, '2025-06-20 14:38:46', 7900000, 60000, 'selesai'),
(427, 1, '2025-06-20 14:38:46', 7600000, 45000, 'selesai'),
(428, 2, '2025-06-20 14:38:46', 4400000, 30000, 'selesai'),
(429, 2, '2025-06-21 14:38:46', 1000000, 15000, 'selesai'),
(430, 1, '2025-06-21 14:38:46', 2800000, 45000, 'selesai'),
(431, 1, '2025-06-21 14:38:46', 700000, 15000, 'selesai'),
(432, 2, '2025-06-22 14:38:46', 4500000, 15000, 'selesai'),
(433, 2, '2025-06-22 14:38:46', 1700000, 30000, 'selesai'),
(434, 1, '2025-06-22 14:38:46', 1700000, 15000, 'selesai'),
(435, 2, '2025-06-23 14:38:46', 38000000, 75000, 'selesai'),
(436, 2, '2025-06-23 14:38:46', 1900000, 15000, 'selesai'),
(437, 1, '2025-06-23 14:38:46', 3650000, 45000, 'selesai'),
(438, 2, '2025-06-23 14:38:46', 5200000, 60000, 'pending');

-- --------------------------------------------------------

--
-- Table structure for table `pesan_pengaduan`
--

CREATE TABLE `pesan_pengaduan` (
  `id` int(11) NOT NULL,
  `pengaduan_id` int(11) NOT NULL,
  `pengirim_id` int(11) NOT NULL,
  `tipe_pengirim` enum('customer','admin') NOT NULL,
  `isi_pesan` text NOT NULL,
  `tanggal_kirim` timestamp NOT NULL DEFAULT current_timestamp()
) ENGINE=InnoDB DEFAULT CHARSET=utf8mb4 COLLATE=utf8mb4_general_ci;

--
-- Dumping data for table `pesan_pengaduan`
--

INSERT INTO `pesan_pengaduan` (`id`, `pengaduan_id`, `pengirim_id`, `tipe_pengirim`, `isi_pesan`, `tanggal_kirim`) VALUES
(1, 1, 0, 'customer', 'Halo, saya memesan sepatu dengan ID pesanan #1407 tapi statusnya belum berubah selama 3 hari. Mohon bantuannya.', '2025-06-23 13:27:23'),
(3, 1, 0, 'admin', 'mohon maaf atas ketidaknyamanannya, kami akan menindaklanjuti segera!', '2025-06-23 13:47:53');

-- --------------------------------------------------------

--
-- Table structure for table `produk`
--

CREATE TABLE `produk` (
  `id` int(11) NOT NULL,
  `kategori_id` int(11) DEFAULT NULL,
  `nama_produk` varchar(255) NOT NULL,
  `deskripsi` text DEFAULT NULL,
  `harga` int(11) NOT NULL,
  `stok` int(11) NOT NULL,
  `gambar` varchar(255) DEFAULT NULL,
  `berat` int(11) NOT NULL DEFAULT 1000 COMMENT 'Berat dalam gram',
  `created_at` timestamp NOT NULL DEFAULT current_timestamp()
) ENGINE=InnoDB DEFAULT CHARSET=utf8mb4 COLLATE=utf8mb4_general_ci;

--
-- Dumping data for table `produk`
--

INSERT INTO `produk` (`id`, `kategori_id`, `nama_produk`, `deskripsi`, `harga`, `stok`, `gambar`, `berat`, `created_at`) VALUES
(1, 7, 'Timberland 6-Inch Premium Waterproof Boots', 'Ikon sepatu bot klasik dengan bahan kulit nubuck premium yang tahan air, sol karet tebal, dan kerah empuk untuk kenyamanan. Sangat tangguh dan stylish untuk segala cuaca.', 2800000, 10, '6856235f31234-Mens-Timberland-Premium-6Inch-Waterproof-Boot.png', 1000, '2025-06-21 03:13:35'),
(2, 7, 'Dr. Martens 1460 Smooth Leather', 'Sepatu bot legendaris dengan 8 lubang tali, kulit smooth leather yang kaku pada awalnya namun akan melunak seiring waktu, jahitan kuning khas, dan sol AirWair yang tahan minyak & lemak.', 2500000, 10, '685623d93230e-675a5ad3-7d9f-443d-a46c-e6efbbaea918.jpg', 1000, '2025-06-21 03:15:37'),
(3, 3, 'Nike Air Force 1 \'07', 'Sneaker ikonik yang awalnya adalah sepatu basket. Memiliki desain timeless dengan bahan kulit, sol tebal dengan teknologi Nike Air untuk bantalan, dan siluet yang mudah dipadukan.', 1500000, 10, '68562469c1080-images.jpg', 1000, '2025-06-21 03:17:19'),
(6, 7, 'Clarks Desert Boot', 'Terinspirasi dari sepatu bot pasar di Kairo, sepatu ini memiliki desain simpel dengan bahan suede atau kulit, dua lubang tali, dan sol krep (crepe) yang sangat nyaman untuk penggunaan sehari-hari.', 2500000, 21, '685912a323a47-26155527_GW_1.jpg', 1000, '2025-06-23 08:38:59'),
(7, 7, 'Red Wing Heritage Classic Moc Toe', 'Sepatu bot kerja dari Amerika yang sangat tahan lama. Dibuat dengan kulit berkualitas tinggi, konstruksi Goodyear welt, dan sol Traction Tred putih yang ikonik.', 4500000, 12, '6859135065020-RWH_08800_MUL _N1_0313.jpg', 1000, '2025-06-23 08:41:52'),
(8, 7, 'Caterpillar Colorado Boots', 'Dikenal dengan ketahanannya, sepatu bot ini memiliki tampilan rugged yang terinspirasi dari alat berat. Terbuat dari kulit full grain, sol tebal, dan cocok untuk aktivitas luar ruang.', 1900000, 15, '685913c59af30-download.jpg', 1000, '2025-06-23 08:43:49'),
(9, 1, 'G.H. Bass & Co. Weejuns Penny Loafers', 'Dianggap sebagai pencipta Penny Loafer modern. Memiliki desain klasik dengan strap kulit di bagian atas yang memiliki potongan khas. Terbuat dari kulit asli yang dipoles.', 2000000, 23, '68591426ea2e1-images.jpg', 1000, '2025-06-23 08:45:26'),
(10, 1, 'Gucci Jordaan Horsebit Loafer', 'Loafer mewah yang ikonik dengan detail horsebit (logam menyerupai sanggurdi kuda) di bagian atas. Terbuat dari kulit premium Italia, memberikan tampilan yang sangat mewah dan elegan.', 12000000, 1, '68591483d1b34-download.jpg', 1000, '2025-06-23 08:46:59'),
(11, 1, 'Cole Haan Pinch Penny Loafer', 'Menggabungkan desain tradisional dengan teknologi kenyamanan modern dari Cole Haan. Ringan, fleksibel, dan sangat nyaman untuk dipakai sepanjang hari di kantor atau acara kasual.', 1800000, 34, '685914ce4b113-download (1).jpg', 1000, '2025-06-23 08:48:14'),
(12, 1, 'Tod\'s Gommino Driving Shoes', 'Loafer super nyaman yang terinspirasi dari sepatu mengemudi. Ciri khasnya adalah sol karet pebbled yang memanjang hingga ke tumit, memberikan cengkeraman dan fleksibilitas.', 7000000, 24, '68591509a3deb-download (2).jpg', 1000, '2025-06-23 08:49:13'),
(13, 1, 'Bottega Veneta Intrecciato Loafer', 'Dikenal dengan teknik anyaman kulit khas Intrecciato. Loafer ini memancarkan kemewahan yang subtil dan keahlian tangan tingkat tinggi. Sangat fleksibel dan nyaman.', 13000000, 4, '6859153f0c96a-download (3).jpg', 1000, '2025-06-23 08:50:07'),
(14, 2, 'Hoka Clifton 9', 'Sepatu lari untuk latihan harian (daily trainer) yang sangat populer. Dikenal karena bantalannya yang maksimal namun tetap ringan, memberikan kenyamanan luar biasa untuk lari jarak jauh.', 2000000, 23, '68591591c4315-download (4).jpg', 1000, '2025-06-23 08:51:29'),
(15, 2, 'Nike Pegasus 41', 'Sepatu lari legendaris yang serbaguna, cocok untuk berbagai jenis pelari. Menggunakan busa ReactX dan unit Air Zoom untuk kombinasi bantalan dan responsivitas yang seimbang.', 2300000, 44, '685915d13e42f-download.jpg', 1000, '2025-06-23 08:52:33'),
(16, 2, 'Asics Gel-Kayano 31', 'Sepatu lari kategori stabilitas yang ideal untuk pelari dengan kaki overpronation. Memberikan dukungan dan bantalan premium dengan teknologi 4D Guidance System dan PureGEL.', 2500000, 23, '6859160669eba-download (1).jpg', 1000, '2025-06-23 08:53:26'),
(17, 2, 'New Balance Fresh Foam X 880v14', 'Workhorse yang andal untuk latihan lari harian. Menawarkan keseimbangan antara bantalan Fresh Foam X yang empuk dan daya tahan, menjadikannya pilihan aman untuk pelari netral.', 2100000, 21, '6859163b43f39-download (2).jpg', 1000, '2025-06-23 08:54:19'),
(18, 2, 'Adidas Adizero Adios Pro 3', 'Sepatu lari untuk kompetisi (race day) yang dirancang untuk kecepatan. Dilengkapi dengan Lightstrike Pro foam dan ENERGYRODS 2.0 (batang karbon) untuk tolakan yang maksimal.', 3800000, 19, '6859166cf1ad5-download (3).jpg', 1000, '2025-06-23 08:55:09'),
(19, 4, 'Vans Classic Slip-On Checkerboard', 'Ikon budaya pop dan skate. Terbuat dari kanvas dengan motif papan catur yang khas, kerah empuk, dan sol waffle karet yang legendaris. Sangat serbaguna dan santai.', 800000, 22, '685916b6228ca-download (5).jpg', 1000, '2025-06-23 08:56:22'),
(20, 4, 'TOMS Alpargata', 'Sepatu slip-on kanvas yang ringan dan ramah lingkungan. Dikenal dengan program sosial \"One for One\". Desainnya simpel dengan toe-stitch khas dan sol yang fleksibel.', 700000, 12, '685916ebe4bcb-download.jpg', 1000, '2025-06-23 08:57:15'),
(21, 4, 'Skechers Slip-ins: Ultra Flex 3.0', 'Dirancang untuk kemudahan maksimal dengan teknologi Heel Pillow. Pengguna bisa memakai sepatu ini sepenuhnya tanpa menggunakan tangan. Sangat ringan dan empuk.', 1000000, 11, '685917245e081-download (1).jpg', 1000, '2025-06-23 08:58:12'),
(22, 4, 'Converse Deck Star Slip \'67', 'Alternatif dari Converse yang lebih minimalis. Mengambil inspirasi dari sepatu dek tahun 60-an, memiliki siluet ramping dengan material kanvas dan sol karet khas Converse.', 750000, 33, '6859175c0fcb5-download (2).jpg', 1000, '2025-06-23 08:59:08'),
(23, 4, 'Birkenstock Boston', 'Gabungan antara sandal dan sepatu (clog). Terbuat dari kulit atau suede dengan footbed dari gabus-lateks yang dirancang secara anatomis untuk menopang kaki dengan sempurna.', 2500000, 11, '685917a8cc18c-download (3).jpg', 1000, '2025-06-23 09:00:24'),
(24, 3, 'Adidas Samba OG', 'Awalnya sepatu futsal, kini menjadi ikon fashion streetwear. Ciri khasnya adalah upper kulit dengan overlay suede di bagian depan (T-toe) dan sol karet gum berwarna coklat.', 1700000, 23, '6859182f0c8a2-download (4).jpg', 1000, '2025-06-23 09:02:39'),
(25, 3, 'Converse Chuck 70 High Top', 'Versi premium dan lebih detail dari Chuck Taylor All Star klasik. Menggunakan kanvas yang lebih tebal dan kuat, bantalan lebih empuk, dan detail vintage seperti plat lisensi hitam.', 1000000, 11, '685918618445c-download.jpg', 1000, '2025-06-23 09:03:29'),
(26, 3, 'New Balance 550', 'Sneaker yang terinspirasi dari sepatu basket era 80-an. Kembali populer karena desainnya yang retro, clean, dengan upper kulit dan siluet low-top yang chunky.', 1800000, 44, '685918998b72b-download (1).jpg', 1000, '2025-06-23 09:04:25'),
(27, 3, 'Adidas Stan Smith', 'Sneaker tenis klasik yang menjadi fashion staple. Dikenal dengan desainnya yang super minimalis: upper kulit putih, detail hijau di bagian tumit, dan tiga baris perforasi sebagai ganti logo stripes.', 1600000, 11, '685918dd1647e-download (2).jpg', 1000, '2025-06-23 09:05:33');

-- --------------------------------------------------------

--
-- Table structure for table `users`
--

CREATE TABLE `users` (
  `id` int(11) NOT NULL,
  `nama_lengkap` varchar(100) NOT NULL,
  `email` varchar(100) NOT NULL,
  `password` varchar(255) NOT NULL,
  `created_at` timestamp NOT NULL DEFAULT current_timestamp()
) ENGINE=InnoDB DEFAULT CHARSET=utf8mb4 COLLATE=utf8mb4_general_ci;

--
-- Dumping data for table `users`
--

INSERT INTO `users` (`id`, `nama_lengkap`, `email`, `password`, `created_at`) VALUES
(2, 'Admin Rewalk', 'admin@rewalk.com', '$2y$10$DWm5Jhnj0FjlOyBzUTe/ueeozv7TJIOqx5ElVcEBVr59nh3bu9/66', '2025-06-21 02:44:28');

--
-- Indexes for dumped tables
--

--
-- Indexes for table `banner`
--
ALTER TABLE `banner`
  ADD PRIMARY KEY (`id`);

--
-- Indexes for table `customers`
--
ALTER TABLE `customers`
  ADD PRIMARY KEY (`id`),
  ADD UNIQUE KEY `email` (`email`);

--
-- Indexes for table `detail_pesanan`
--
ALTER TABLE `detail_pesanan`
  ADD PRIMARY KEY (`id`),
  ADD KEY `pesanan_id` (`pesanan_id`),
  ADD KEY `produk_id` (`produk_id`);

--
-- Indexes for table `kategori`
--
ALTER TABLE `kategori`
  ADD PRIMARY KEY (`id`);

--
-- Indexes for table `kupon`
--
ALTER TABLE `kupon`
  ADD PRIMARY KEY (`id`),
  ADD UNIQUE KEY `kode_kupon` (`kode_kupon`);

--
-- Indexes for table `pengaduan`
--
ALTER TABLE `pengaduan`
  ADD PRIMARY KEY (`id`),
  ADD KEY `customer_id` (`customer_id`);

--
-- Indexes for table `pengaturan`
--
ALTER TABLE `pengaturan`
  ADD PRIMARY KEY (`setting_key`);

--
-- Indexes for table `pesanan`
--
ALTER TABLE `pesanan`
  ADD PRIMARY KEY (`id`),
  ADD KEY `customer_id` (`customer_id`);

--
-- Indexes for table `pesan_pengaduan`
--
ALTER TABLE `pesan_pengaduan`
  ADD PRIMARY KEY (`id`),
  ADD KEY `pengaduan_id` (`pengaduan_id`);

--
-- Indexes for table `produk`
--
ALTER TABLE `produk`
  ADD PRIMARY KEY (`id`),
  ADD KEY `kategori_id` (`kategori_id`);

--
-- Indexes for table `users`
--
ALTER TABLE `users`
  ADD PRIMARY KEY (`id`),
  ADD UNIQUE KEY `email` (`email`);

--
-- AUTO_INCREMENT for dumped tables
--

--
-- AUTO_INCREMENT for table `banner`
--
ALTER TABLE `banner`
  MODIFY `id` int(11) NOT NULL AUTO_INCREMENT, AUTO_INCREMENT=2;

--
-- AUTO_INCREMENT for table `customers`
--
ALTER TABLE `customers`
  MODIFY `id` int(11) NOT NULL AUTO_INCREMENT, AUTO_INCREMENT=3;

--
-- AUTO_INCREMENT for table `detail_pesanan`
--
ALTER TABLE `detail_pesanan`
  MODIFY `id` int(11) NOT NULL AUTO_INCREMENT, AUTO_INCREMENT=889;

--
-- AUTO_INCREMENT for table `kategori`
--
ALTER TABLE `kategori`
  MODIFY `id` int(11) NOT NULL AUTO_INCREMENT, AUTO_INCREMENT=9;

--
-- AUTO_INCREMENT for table `kupon`
--
ALTER TABLE `kupon`
  MODIFY `id` int(11) NOT NULL AUTO_INCREMENT, AUTO_INCREMENT=3;

--
-- AUTO_INCREMENT for table `pengaduan`
--
ALTER TABLE `pengaduan`
  MODIFY `id` int(11) NOT NULL AUTO_INCREMENT, AUTO_INCREMENT=2;

--
-- AUTO_INCREMENT for table `pesanan`
--
ALTER TABLE `pesanan`
  MODIFY `id` int(11) NOT NULL AUTO_INCREMENT, AUTO_INCREMENT=439;

--
-- AUTO_INCREMENT for table `pesan_pengaduan`
--
ALTER TABLE `pesan_pengaduan`
  MODIFY `id` int(11) NOT NULL AUTO_INCREMENT, AUTO_INCREMENT=4;

--
-- AUTO_INCREMENT for table `produk`
--
ALTER TABLE `produk`
  MODIFY `id` int(11) NOT NULL AUTO_INCREMENT, AUTO_INCREMENT=28;

--
-- AUTO_INCREMENT for table `users`
--
ALTER TABLE `users`
  MODIFY `id` int(11) NOT NULL AUTO_INCREMENT, AUTO_INCREMENT=3;

--
-- Constraints for dumped tables
--

--
-- Constraints for table `detail_pesanan`
--
ALTER TABLE `detail_pesanan`
  ADD CONSTRAINT `detail_pesanan_ibfk_1` FOREIGN KEY (`pesanan_id`) REFERENCES `pesanan` (`id`),
  ADD CONSTRAINT `detail_pesanan_ibfk_2` FOREIGN KEY (`produk_id`) REFERENCES `produk` (`id`);

--
-- Constraints for table `pengaduan`
--
ALTER TABLE `pengaduan`
  ADD CONSTRAINT `pengaduan_ibfk_1` FOREIGN KEY (`customer_id`) REFERENCES `customers` (`id`) ON DELETE CASCADE;

--
-- Constraints for table `pesanan`
--
ALTER TABLE `pesanan`
  ADD CONSTRAINT `pesanan_ibfk_1` FOREIGN KEY (`customer_id`) REFERENCES `customers` (`id`);

--
-- Constraints for table `pesan_pengaduan`
--
ALTER TABLE `pesan_pengaduan`
  ADD CONSTRAINT `pesan_pengaduan_ibfk_1` FOREIGN KEY (`pengaduan_id`) REFERENCES `pengaduan` (`id`) ON DELETE CASCADE;

--
-- Constraints for table `produk`
--
ALTER TABLE `produk`
  ADD CONSTRAINT `produk_ibfk_1` FOREIGN KEY (`kategori_id`) REFERENCES `kategori` (`id`) ON DELETE SET NULL;
COMMIT;

/*!40101 SET CHARACTER_SET_CLIENT=@OLD_CHARACTER_SET_CLIENT */;
/*!40101 SET CHARACTER_SET_RESULTS=@OLD_CHARACTER_SET_RESULTS */;
/*!40101 SET COLLATION_CONNECTION=@OLD_COLLATION_CONNECTION */;
